{"stats":{"minecraft:crafted":{"minecraft:crafting_table":1,"wom:stone_staff":1,"minecraft:wooden_pickaxe":1,"minecraft:furnace":2,"minecraft:air":0,"minecraft:jungle_planks":24,"minecraft:stick":20,"minecraft:iron_ingot":10,"minecraft:iron_pickaxe":1,"minecraft:stone_pickaxe":3,"minecraft:torch":16,"create:zinc_ingot":14},"minecraft:used":{"minecraft:stone_pickaxe":306,"minecraft:wooden_pickaxe":24,"soul_like_armors_reworked:estusflask":2,"minecraft:stick":1,"minecraft:torch":10,"minecraft:crafting_table":2,"wom:stone_staff":60,"minecraft:melon_slice":3,"minecraft:iron_pickaxe":49,"minecraft:cobblestone":6,"minecraft:furnace":2,"minecraft:cobbled_deepslate":6,"minecraft:experience_bottle":2},"minecraft:killed":{"minecraft:zombie":1,"minecraft:villager":1},"minecraft:custom":{"minecraft:interact_with_furnace":16,"minecraft:mob_kills":2,"minecraft:interact_with_crafting_table":8,"minecraft:leave_game":1,"minecraft:time_since_death":25141,"minecraft:sleep_in_bed":2,"minecraft:climb_one_cm":822,"minecraft:time_since_rest":25272,"minecraft:sprint_one_cm":88582,"minecraft:damage_taken":561,"minecraft:walk_one_cm":182062,"minecraft:damage_dealt":654,"minecraft:talked_to_villager":1,"minecraft:fly_one_cm":91015,"minecraft:open_chest":1,"minecraft:crouch_one_cm":5544,"minecraft:play_time":39945,"minecraft:deaths":2,"minecraft:sneak_time":1646,"minecraft:jump":721,"minecraft:total_world_time":39945,"minecraft:fall_one_cm":5466},"minecraft:picked_up":{"minecraft:crafting_table":3,"minecraft:jungle_log":6,"minecraft:andesite":23,"minecraft:wooden_pickaxe":2,"wom:stone_staff":1,"create:raw_zinc":14,"minecraft:lapis_lazuli":44,"minecraft:dirt":19,"minecraft:raw_copper":58,"minecraft:experience_bottle":4,"minecraft:cobbled_deepslate":26,"minecraft:stone_pickaxe":2,"weaponmaster:tutorialbook":2,"soul_like_armors_reworked:rustysteel_boots":3,"minecraft:melon_slice":13,"minecraft:stick":3,"minecraft:raw_iron":18,"minecraft:torch":3,"minecraft:jungle_planks":26,"minecraft:diorite":11,"minecraft:redstone":4,"soul_like_armors_reworked:estusflask":10,"minecraft:slime_ball":2,"bossominium:the_bossdexium":2,"minecraft:granite":8,"minecraft:coal":44,"minecraft:white_wool":5,"minecraft:cobblestone":214},"minecraft:mined":{"create:zinc_ore":14,"minecraft:deepslate_redstone_ore":1,"minecraft:crafting_table":1,"minecraft:torch":2,"minecraft:granite":8,"minecraft:grass_block":1,"minecraft:melon":2,"minecraft:jungle_log":6,"minecraft:rose_bush":1,"minecraft:copper_ore":8,"minecraft:diorite":11,"minecraft:wall_torch":1,"minecraft:iron_ore":10,"minecraft:andesite":23,"minecraft:deepslate_lapis_ore":6,"supplementaries:stick":1,"minecraft:coal_ore":44,"minecraft:deepslate_iron_ore":8,"minecraft:dirt":14,"minecraft:stone":214,"minecraft:deepslate":26,"minecraft:fern":1},"minecraft:broken":{"minecraft:stone_pickaxe":2},"minecraft:killed_by":{"minecraft:iron_golem":2}},"DataVersion":3465}