{"stats":{"minecraft:crafted":{"minecraft:oak_planks":20,"minecraft:crafting_table":3,"wom:stone_staff":2,"epicfight:iron_spear":1,"minecraft:wooden_pickaxe":2,"minecraft:iron_sword":2,"minecraft:furnace":3,"epicfight:iron_dagger":1,"minecraft:bucket":1,"minecraft:air":0,"minecraft:jungle_planks":40,"epicfight:iron_tachi":1,"minecraft:shield":1,"minecraft:iron_axe":1,"minecraft:stick":40,"minecraft:iron_ingot":24,"minecraft:iron_pickaxe":1,"minecraft:stone_pickaxe":4,"wom:iron_staff":1,"minecraft:torch":52,"create:zinc_ingot":14,"minecraft:shears":1},"minecraft:used":{"minecraft:water_bucket":3,"minecraft:damaged_anvil":1,"minecraft:stone_pickaxe":339,"minecraft:shield":10,"minecraft:wooden_pickaxe":27,"soul_like_armors_reworked:estusflask":6,"minecraft:stick":2,"minecraft:torch":36,"minecraft:crafting_table":5,"wom:stone_staff":60,"minecraft:cyan_wool":1,"minecraft:shears":1,"epicfight:iron_tachi":21,"minecraft:bread":4,"minecraft:iron_axe":7,"minecraft:melon_slice":55,"minecraft:iron_pickaxe":83,"epicfight:iron_dagger":12,"wom:iron_staff":23,"minecraft:cobblestone":14,"minecraft:furnace":3,"minecraft:bucket":3,"minecraft:cobbled_deepslate":6,"minecraft:experience_bottle":2},"minecraft:killed":{"minecraft:zombie_villager":1,"minecraft:skeleton":4,"minecraft:zombie":3,"minecraft:silverfish":1,"minecraft:villager":1,"minecraft:cow":1},"minecraft:custom":{"minecraft:interact_with_furnace":24,"minecraft:mob_kills":11,"minecraft:interact_with_crafting_table":24,"minecraft:leave_game":1,"minecraft:time_since_death":4910,"minecraft:sleep_in_bed":3,"minecraft:climb_one_cm":822,"minecraft:time_since_rest":5046,"minecraft:sprint_one_cm":361497,"minecraft:damage_taken":1775,"minecraft:walk_one_cm":377227,"minecraft:damage_blocked_by_shield":415,"minecraft:damage_dealt":2341,"minecraft:swim_one_cm":2098,"minecraft:damage_dealt_absorbed":32,"minecraft:talked_to_villager":1,"minecraft:fly_one_cm":392608,"minecraft:open_chest":12,"minecraft:crouch_one_cm":12052,"minecraft:play_time":87945,"minecraft:deaths":3,"minecraft:sneak_time":2481,"minecraft:walk_under_water_one_cm":359,"minecraft:jump":1786,"minecraft:walk_on_water_one_cm":14051,"minecraft:total_world_time":87945,"minecraft:fall_one_cm":31269},"minecraft:picked_up":{"minecraft:crafting_table":5,"minecraft:jungle_log":10,"minecraft:andesite":23,"minecraft:wooden_pickaxe":2,"wom:stone_staff":1,"create:raw_zinc":15,"minecraft:oak_log":5,"soul_like_armors_reworked:rustysteel_chestplate":1,"minecraft:lapis_lazuli":62,"minecraft:dirt":20,"minecraft:raw_copper":58,"minecraft:bone":5,"minecraft:experience_bottle":4,"minecraft:wheat_seeds":3,"minecraft:gold_nugget":26,"minecraft:cobbled_deepslate":34,"minecraft:raw_gold":12,"minecraft:beef":2,"minecraft:stone_pickaxe":2,"minecraft:rose_bush":1,"weaponmaster:tutorialbook":2,"soul_like_armors_reworked:rustysteel_boots":3,"minecraft:cyan_wool":1,"minecraft:melon_slice":65,"minecraft:stick":4,"minecraft:raw_iron":33,"minecraft:torch":6,"minecraft:jungle_planks":26,"minecraft:diorite":11,"soul_like_armors_reworked:rustysteel_helmet":1,"minecraft:redstone":4,"soul_like_armors_reworked:estusflask":14,"minecraft:stone_sword":1,"minecraft:arrow":6,"minecraft:rotten_flesh":5,"minecraft:slime_ball":2,"bossominium:the_bossdexium":2,"minecraft:granite":8,"supplementaries:ash":12,"minecraft:damaged_anvil":1,"minecraft:coal":59,"minecraft:white_wool":15,"minecraft:cobblestone":233},"minecraft:mined":{"create:zinc_ore":14,"minecraft:deepslate_redstone_ore":1,"create:deepslate_zinc_ore":1,"minecraft:jungle_leaves":1,"minecraft:crafting_table":3,"minecraft:torch":2,"minecraft:granite":8,"minecraft:grass_block":1,"minecraft:melon":14,"minecraft:jungle_log":10,"minecraft:rose_bush":2,"minecraft:tall_grass":3,"minecraft:copper_ore":8,"minecraft:deepslate_gold_ore":12,"minecraft:damaged_anvil":1,"minecraft:diorite":11,"minecraft:wall_torch":2,"supplementaries:urn":3,"minecraft:cyan_wool":1,"minecraft:iron_ore":20,"minecraft:andesite":23,"minecraft:deepslate_lapis_ore":9,"minecraft:oak_log":5,"minecraft:grass":7,"supplementaries:stick":2,"minecraft:coal_ore":59,"minecraft:deepslate_iron_ore":13,"minecraft:dirt":15,"minecraft:stone":233,"minecraft:deepslate":29,"minecraft:fern":1},"minecraft:broken":{"minecraft:stone_pickaxe":2,"soul_like_armors_reworked:rustysteel_boots":1,"soul_like_armors_reworked:rustysteel_helmet":1},"minecraft:killed_by":{"minecraft:zombie":1,"minecraft:iron_golem":2}},"DataVersion":3465}