{"stats":{"minecraft:killed":{"minecraft:skeleton":12,"minecraft:silverfish":1,"minecraft:pig":3,"minecraft:zombie_villager":1,"minecraft:creeper":1,"minecraft:sheep":1,"minecraft:zombie":3,"minecraft:stray":5,"minecraft:villager":1,"minecraft:cow":3},"minecraft:used":{"quark:jungle_chest":2,"minecraft:shield":59,"soul_like_armors_reworked:estusflask":6,"minecraft:stick":2,"minecraft:torch":47,"minecraft:dirt":3,"wom:stone_staff":60,"minecraft:cyan_wool":1,"minecraft:milk_bucket":1,"minecraft:iron_axe":77,"epicfight:iron_dagger":66,"wom:iron_staff":113,"minecraft:stone_bricks":1,"minecraft:furnace":5,"jet_and_elias_armors:white_mercenary_heavy_helmet":2,"minecraft:cooked_beef":2,"minecraft:potato":9,"minecraft:acacia_planks":5,"minecraft:cobbled_deepslate":6,"minecraft:light_gray_bed":1,"minecraft:wheat_seeds":10,"minecraft:water_bucket":4,"minecraft:damaged_anvil":1,"minecraft:stone_pickaxe":438,"jet_and_elias_armors:white_mercenary_heavy_chestplate":2,"minecraft:wooden_pickaxe":31,"minecraft:cobblestone_slab":2,"minecraft:crafting_table":8,"quark:acacia_chest":2,"minecraft:shears":1,"epicfight:iron_tachi":21,"minecraft:wooden_hoe":37,"minecraft:bread":11,"minecraft:melon_slice":55,"minecraft:iron_pickaxe":488,"minecraft:cobblestone":59,"minecraft:cooked_porkchop":4,"minecraft:bucket":4,"minecraft:experience_bottle":2},"minecraft:broken":{"minecraft:stone_pickaxe":3,"minecraft:iron_pickaxe":1,"soul_like_armors_reworked:rustysteel_boots":1,"soul_like_armors_reworked:rustysteel_helmet":1},"minecraft:killed_by":{"minecraft:stray":1,"minecraft:iron_golem":2,"minecraft:skeleton":2,"minecraft:zombie":1},"minecraft:mined":{"create:zinc_ore":14,"create:deepslate_zinc_ore":1,"minecraft:jungle_leaves":1,"minecraft:granite":8,"minecraft:grass_block":15,"minecraft:jungle_log":20,"minecraft:light_gray_bed":1,"minecraft:furnace":1,"minecraft:iron_ore":272,"minecraft:acacia_wood":37,"minecraft:andesite":23,"minecraft:deepslate_lapis_ore":9,"supplementaries:stick":2,"minecraft:potatoes":2,"minecraft:deepslate_iron_ore":13,"minecraft:cobblestone_slab":1,"minecraft:vine":2,"minecraft:stone":309,"minecraft:green_bed":1,"minecraft:deepslate_redstone_ore":1,"minecraft:crafting_table":6,"minecraft:torch":2,"minecraft:emerald_ore":1,"minecraft:melon":14,"minecraft:chest":1,"minecraft:rose_bush":2,"minecraft:tall_grass":3,"minecraft:copper_ore":8,"minecraft:deepslate_gold_ore":12,"minecraft:damaged_anvil":1,"minecraft:diorite":11,"minecraft:wall_torch":6,"supplementaries:urn":5,"minecraft:cyan_wool":1,"minecraft:wheat":2,"minecraft:birch_leaves":5,"minecraft:grass":32,"minecraft:oak_log":15,"minecraft:coal_ore":224,"minecraft:dirt":29,"minecraft:stone_bricks":1,"minecraft:gold_ore":9,"minecraft:oak_leaves":5,"minecraft:deepslate":29,"minecraft:fern":1},"minecraft:dropped":{"minecraft:iron_ingot":15,"minecraft:crafting_table":1,"weaponmaster:tutorialbook":1,"minecraft:iron_leggings":1,"wom:iron_staff":2,"minecraft:cobblestone_slab":5},"minecraft:crafted":{"minecraft:oak_planks":60,"minecraft:cobblestone_slab":6,"minecraft:iron_nugget":9,"wom:stone_staff":2,"epicfight:iron_spear":1,"quark:jungle_chest":2,"minecraft:furnace":4,"minecraft:heavy_weighted_pressure_plate":4,"jet_and_elias_armors:white_mercenary_heavy_chestplate":1,"jet_and_elias_armors:mercenary_gear_helmet":1,"quark:acacia_chest":2,"jet_and_elias_armors:mercenary_gear_chestplate":1,"minecraft:iron_axe":2,"minecraft:stone_pickaxe":4,"minecraft:cooked_beef":2,"minecraft:cooked_porkchop":4,"jet_and_elias_armors:white_mercenary_heavy_helmet":1,"minecraft:crafting_table":3,"minecraft:wooden_pickaxe":2,"minecraft:iron_sword":2,"epicfight:iron_dagger":2,"minecraft:bucket":2,"minecraft:air":0,"minecraft:jungle_planks":60,"epicfight:iron_tachi":1,"minecraft:wooden_hoe":1,"minecraft:shield":2,"minecraft:stick":56,"minecraft:iron_ingot":153,"minecraft:iron_pickaxe":3,"wom:iron_staff":2,"minecraft:acacia_planks":176,"minecraft:torch":52,"create:zinc_ingot":14,"minecraft:shears":1},"minecraft:picked_up":{"minecraft:charcoal":2,"minecraft:crafting_table":9,"minecraft:wheat":2,"minecraft:wooden_pickaxe":3,"wom:stone_staff":1,"minecraft:shield":2,"soul_like_armors_reworked:rustysteel_chestplate":1,"minecraft:raw_copper":58,"minecraft:iron_axe":2,"minecraft:iron_leggings":1,"minecraft:experience_bottle":5,"minecraft:gold_nugget":26,"minecraft:cobbled_deepslate":34,"minecraft:bucket":1,"minecraft:beef":5,"minecraft:rose_bush":2,"minecraft:cobblestone_slab":1,"minecraft:cyan_wool":1,"minecraft:jungle_sapling":1,"minecraft:iron_pickaxe":2,"minecraft:melon_slice":65,"minecraft:chest":1,"minecraft:furnace":1,"minecraft:tipped_arrow":4,"minecraft:stick":4,"minecraft:raw_iron":283,"minecraft:torch":11,"minecraft:green_bed":1,"minecraft:porkchop":4,"minecraft:diorite":22,"soul_like_armors_reworked:rustysteel_helmet":1,"minecraft:redstone":8,"create:zinc_ingot":14,"minecraft:light_gray_bed":1,"soul_like_armors_reworked:estusflask":17,"minecraft:rotten_flesh":5,"minecraft:arrow":22,"minecraft:stone_sword":1,"supplementaries:ash":12,"minecraft:mutton":1,"minecraft:white_wool":23,"minecraft:cobblestone":346,"minecraft:andesite":46,"minecraft:jungle_log":20,"minecraft:leather":2,"minecraft:acacia_wood":44,"minecraft:potato":7,"jet_and_elias_armors:white_mercenary_heavy_chestplate":2,"create:raw_zinc":15,"minecraft:oak_log":15,"jet_and_elias_armors:white_mercenary_heavy_helmet":2,"minecraft:lapis_lazuli":106,"minecraft:dirt":60,"minecraft:bone":21,"minecraft:acacia_planks":123,"minecraft:stone_bricks":1,"minecraft:bow":2,"minecraft:wheat_seeds":13,"minecraft:raw_gold":19,"minecraft:iron_ingot":1,"minecraft:stone_pickaxe":2,"weaponmaster:tutorialbook":5,"soul_like_armors_reworked:rustysteel_boots":3,"irons_spellbooks:frozen_bone":9,"wom:iron_staff":2,"epicfight:iron_spear":1,"minecraft:jungle_planks":26,"minecraft:slime_ball":6,"epicfight:iron_dagger":2,"bossominium:the_bossdexium":3,"minecraft:granite":16,"minecraft:emerald":17,"minecraft:bread":7,"minecraft:oak_sapling":1,"minecraft:damaged_anvil":1,"minecraft:coal":256},"minecraft:custom":{"minecraft:mob_kills":31,"minecraft:interact_with_anvil":1,"minecraft:animals_bred":2,"minecraft:interact_with_crafting_table":64,"minecraft:leave_game":4,"minecraft:time_since_death":1473,"minecraft:climb_one_cm":1190,"minecraft:sprint_one_cm":703966,"minecraft:walk_one_cm":1143622,"minecraft:damage_blocked_by_shield":1810,"minecraft:drop":7,"minecraft:damage_dealt_absorbed":234,"minecraft:talked_to_villager":1,"minecraft:play_time":257796,"minecraft:deaths":7,"minecraft:sneak_time":7923,"minecraft:walk_under_water_one_cm":420,"minecraft:jump":3790,"minecraft:walk_on_water_one_cm":15875,"minecraft:total_world_time":257796,"minecraft:interact_with_furnace":62,"minecraft:sleep_in_bed":7,"minecraft:time_since_rest":1611,"minecraft:damage_taken":3224,"minecraft:damage_dealt":5187,"minecraft:swim_one_cm":2626,"minecraft:fly_one_cm":790985,"minecraft:open_chest":61,"minecraft:crouch_one_cm":37466,"minecraft:fall_one_cm":70099,"minecraft:horse_one_cm":449891}},"DataVersion":3465}