{"stats":{"minecraft:killed_by":{"minecraft:player":1},"minecraft:crafted":{"minecraft:oak_planks":96,"minecraft:iron_axe":1,"minecraft:crafting_table":2,"wom:iron_greataxe":1,"minecraft:stick":32,"minecraft:iron_ingot":8,"minecraft:wooden_pickaxe":2,"minecraft:stone_pickaxe":3,"minecraft:furnace":1,"minecraft:torch":64,"minecraft:stone_axe":1,"minecraft:air":0},"minecraft:mined":{"minecraft:furnace":1,"minecraft:iron_ore":9,"minecraft:birch_log":7,"minecraft:crafting_table":1,"minecraft:grass":1,"minecraft:coal_ore":14,"minecraft:pointed_dripstone":3,"minecraft:grass_block":8,"minecraft:oak_log":25,"minecraft:dirt":31,"minecraft:stone":304,"minecraft:oak_leaves":3},"minecraft:used":{"soul_like_armors_reworked:dagger":40,"minecraft:stone_pickaxe":283,"minecraft:oak_planks":3,"minecraft:wooden_pickaxe":67,"minecraft:stone_axe":3,"minecraft:torch":18,"minecraft:dirt":7,"minecraft:crafting_table":3,"minecraft:furnace":1,"minecraft:pointed_dripstone":1},"minecraft:broken":{"minecraft:stone_pickaxe":1,"minecraft:wooden_pickaxe":1},"minecraft:picked_up":{"minecraft:birch_log":6,"minecraft:raw_iron":9,"minecraft:crafting_table":1,"minecraft:leather_leggings":1,"minecraft:oak_log":25,"minecraft:pointed_dripstone":6,"minecraft:string":1,"minecraft:dirt":39,"minecraft:bone":1,"minecraft:arrow":1,"minecraft:coal":14,"minecraft:cobblestone":300},"minecraft:custom":{"minecraft:time_since_rest":21416,"minecraft:interact_with_furnace":4,"minecraft:sprint_one_cm":112691,"minecraft:damage_taken":640,"minecraft:walk_one_cm":235976,"minecraft:mob_kills":3,"minecraft:damage_dealt":729,"minecraft:damage_dealt_absorbed":35,"minecraft:interact_with_crafting_table":11,"minecraft:player_kills":2,"minecraft:fly_one_cm":67115,"minecraft:crouch_one_cm":16534,"minecraft:play_time":40122,"minecraft:deaths":2,"minecraft:sneak_time":7531,"minecraft:jump":430,"minecraft:time_since_death":21280,"minecraft:climb_one_cm":342,"minecraft:total_world_time":40122,"minecraft:fall_one_cm":15039},"minecraft:killed":{"minecraft:skeleton":2,"minecraft:spider":1}},"DataVersion":3465}