{"stats":{"minecraft:dropped":{"wom:iron_greataxe":1},"minecraft:killed_by":{"minecraft:player":1,"minecraft:zombie":1},"minecraft:crafted":{"minecraft:cooked_beef":5,"minecraft:oak_planks":100,"minecraft:crafting_table":2,"wom:stone_staff":1,"minecraft:wooden_pickaxe":2,"minecraft:furnace":1,"minecraft:copper_ingot":19,"minecraft:bucket":1,"minecraft:stone_axe":1,"minecraft:air":0,"minecraft:wooden_hoe":1,"minecraft:iron_axe":1,"wom:iron_greataxe":1,"minecraft:stick":36,"minecraft:iron_ingot":9,"minecraft:stone_pickaxe":3,"minecraft:torch":64},"minecraft:mined":{"minecraft:crafting_table":2,"minecraft:grass_block":8,"minecraft:copper_ore":23,"minecraft:furnace":1,"minecraft:birch_log":7,"minecraft:iron_ore":9,"minecraft:jungle_fence":1,"minecraft:grass":20,"minecraft:oak_log":25,"minecraft:pointed_dripstone":3,"minecraft:coal_ore":42,"minecraft:dirt":32,"minecraft:stone":311,"minecraft:oak_leaves":3},"minecraft:used":{"minecraft:stone_pickaxe":346,"minecraft:oak_planks":3,"minecraft:wooden_pickaxe":67,"soul_like_armors_reworked:estusflask":2,"minecraft:torch":27,"minecraft:dirt":13,"minecraft:crafting_table":3,"wom:stone_staff":66,"wom:iron_greataxe":20,"soul_like_armors_reworked:dagger":40,"minecraft:stone_axe":5,"minecraft:cobblestone":22,"minecraft:furnace":1,"minecraft:cooked_beef":4,"minecraft:pointed_dripstone":1},"minecraft:broken":{"minecraft:stone_pickaxe":1,"minecraft:wooden_pickaxe":1},"minecraft:custom":{"minecraft:interact_with_furnace":11,"minecraft:mob_kills":15,"minecraft:interact_with_crafting_table":16,"minecraft:time_since_death":2442,"minecraft:sleep_in_bed":1,"minecraft:climb_one_cm":1752,"minecraft:time_since_rest":2576,"minecraft:sprint_one_cm":167065,"minecraft:damage_taken":1211,"minecraft:walk_one_cm":494895,"minecraft:drop":1,"minecraft:damage_dealt":2130,"minecraft:damage_dealt_absorbed":556,"minecraft:fly_one_cm":105899,"minecraft:player_kills":2,"minecraft:crouch_one_cm":19465,"minecraft:play_time":64122,"minecraft:deaths":3,"minecraft:sneak_time":8093,"minecraft:jump":800,"minecraft:walk_on_water_one_cm":2364,"minecraft:total_world_time":64122,"minecraft:fall_one_cm":17068},"minecraft:picked_up":{"minecraft:birch_log":6,"minecraft:crafting_table":3,"minecraft:cooked_beef":1,"minecraft:leather_leggings":1,"minecraft:leather":4,"minecraft:jungle_fence":2,"minecraft:wooden_pickaxe":1,"wom:iron_greataxe":2,"soul_like_armors_reworked:darkknightsword":2,"minecraft:oak_log":25,"minecraft:dirt":57,"minecraft:string":4,"minecraft:raw_copper":147,"minecraft:bone":6,"minecraft:wheat_seeds":8,"minecraft:bucket":1,"minecraft:beef":5,"minecraft:stone_pickaxe":1,"minecraft:oak_planks":62,"minecraft:furnace":1,"minecraft:stick":1,"minecraft:raw_iron":10,"minecraft:copper_ingot":19,"minecraft:torch":26,"epicfight:skillbook":1,"minecraft:porkchop":4,"minecraft:pointed_dripstone":11,"minecraft:leather_helmet":1,"soul_like_armors_reworked:estusflask":2,"minecraft:arrow":7,"minecraft:rotten_flesh":2,"minecraft:stone_axe":1,"minecraft:coal":70,"minecraft:cobblestone":417},"minecraft:killed":{"minecraft:pig":2,"minecraft:spider":2,"minecraft:skeleton":5,"minecraft:zombie":4,"minecraft:cow":2}},"DataVersion":3465}