{"stats":{"minecraft:dropped":{"minecraft:iron_leggings":1},"minecraft:crafted":{"minecraft:oak_planks":60,"minecraft:cobblestone_slab":6,"minecraft:iron_nugget":9,"wom:stone_staff":2,"epicfight:iron_spear":1,"quark:jungle_chest":2,"minecraft:furnace":3,"minecraft:heavy_weighted_pressure_plate":3,"jet_and_elias_armors:white_mercenary_heavy_chestplate":1,"jet_and_elias_armors:mercenary_gear_chestplate":1,"minecraft:iron_axe":1,"minecraft:stone_pickaxe":4,"minecraft:cooked_beef":2,"minecraft:cooked_porkchop":2,"minecraft:crafting_table":3,"minecraft:wooden_pickaxe":2,"minecraft:iron_sword":2,"epicfight:iron_dagger":2,"minecraft:bucket":2,"minecraft:air":0,"minecraft:jungle_planks":56,"epicfight:iron_tachi":1,"minecraft:wooden_hoe":1,"minecraft:shield":2,"minecraft:stick":48,"minecraft:iron_ingot":39,"minecraft:iron_pickaxe":2,"wom:iron_staff":1,"minecraft:torch":52,"create:zinc_ingot":14,"minecraft:shears":1},"minecraft:used":{"quark:jungle_chest":2,"minecraft:shield":20,"soul_like_armors_reworked:estusflask":6,"minecraft:stick":2,"minecraft:torch":44,"wom:stone_staff":60,"minecraft:cyan_wool":1,"minecraft:iron_axe":40,"epicfight:iron_dagger":25,"wom:iron_staff":54,"minecraft:furnace":4,"minecraft:potato":2,"minecraft:cooked_beef":2,"minecraft:cobbled_deepslate":6,"minecraft:wheat_seeds":2,"minecraft:water_bucket":4,"minecraft:damaged_anvil":1,"minecraft:stone_pickaxe":438,"minecraft:wooden_pickaxe":31,"minecraft:cobblestone_slab":2,"minecraft:crafting_table":7,"minecraft:shears":1,"epicfight:iron_tachi":21,"minecraft:wooden_hoe":37,"minecraft:melon_slice":55,"minecraft:bread":4,"minecraft:iron_pickaxe":105,"minecraft:cobblestone":44,"minecraft:cooked_porkchop":2,"minecraft:bucket":4,"minecraft:experience_bottle":2},"minecraft:killed":{"minecraft:skeleton":7,"minecraft:silverfish":1,"minecraft:pig":2,"minecraft:zombie_villager":1,"minecraft:creeper":1,"minecraft:zombie":3,"minecraft:villager":1,"minecraft:cow":3},"minecraft:custom":{"minecraft:mob_kills":19,"minecraft:interact_with_crafting_table":45,"minecraft:leave_game":1,"minecraft:time_since_death":11328,"minecraft:climb_one_cm":1190,"minecraft:sprint_one_cm":450251,"minecraft:walk_one_cm":720184,"minecraft:damage_blocked_by_shield":685,"minecraft:drop":1,"minecraft:damage_dealt_absorbed":102,"minecraft:talked_to_villager":1,"minecraft:play_time":147945,"minecraft:sneak_time":4529,"minecraft:deaths":4,"minecraft:walk_under_water_one_cm":420,"minecraft:jump":2377,"minecraft:walk_on_water_one_cm":15875,"minecraft:total_world_time":147945,"minecraft:interact_with_furnace":44,"minecraft:sleep_in_bed":5,"minecraft:time_since_rest":11522,"minecraft:damage_taken":2215,"minecraft:damage_dealt":3431,"minecraft:swim_one_cm":2626,"minecraft:fly_one_cm":479984,"minecraft:open_chest":30,"minecraft:crouch_one_cm":19939,"minecraft:fall_one_cm":44309},"minecraft:picked_up":{"minecraft:charcoal":2,"minecraft:crafting_table":8,"minecraft:wooden_pickaxe":3,"wom:stone_staff":1,"soul_like_armors_reworked:rustysteel_chestplate":1,"minecraft:raw_copper":58,"minecraft:iron_leggings":1,"minecraft:experience_bottle":5,"minecraft:gold_nugget":26,"minecraft:cobbled_deepslate":34,"minecraft:beef":5,"minecraft:rose_bush":2,"minecraft:cobblestone_slab":1,"minecraft:cyan_wool":1,"minecraft:jungle_sapling":1,"minecraft:melon_slice":65,"minecraft:chest":1,"minecraft:furnace":1,"minecraft:raw_iron":44,"minecraft:stick":4,"minecraft:torch":8,"minecraft:green_bed":1,"minecraft:porkchop":2,"minecraft:diorite":22,"minecraft:redstone":8,"soul_like_armors_reworked:rustysteel_helmet":1,"create:zinc_ingot":14,"soul_like_armors_reworked:estusflask":17,"minecraft:rotten_flesh":5,"minecraft:stone_sword":1,"minecraft:arrow":8,"supplementaries:ash":12,"minecraft:white_wool":22,"minecraft:cobblestone":311,"minecraft:andesite":46,"minecraft:jungle_log":20,"minecraft:leather":2,"create:raw_zinc":15,"minecraft:oak_log":15,"minecraft:lapis_lazuli":106,"minecraft:dirt":39,"minecraft:bone":7,"minecraft:wheat_seeds":9,"minecraft:raw_gold":19,"minecraft:stone_pickaxe":2,"weaponmaster:tutorialbook":5,"soul_like_armors_reworked:rustysteel_boots":3,"epicfight:iron_spear":1,"minecraft:jungle_planks":26,"minecraft:slime_ball":6,"bossominium:the_bossdexium":3,"minecraft:granite":16,"minecraft:emerald":16,"minecraft:oak_sapling":1,"minecraft:damaged_anvil":1,"minecraft:coal":153},"minecraft:mined":{"create:zinc_ore":14,"create:deepslate_zinc_ore":1,"minecraft:jungle_leaves":1,"minecraft:granite":8,"minecraft:grass_block":7,"minecraft:jungle_log":20,"minecraft:furnace":1,"minecraft:iron_ore":31,"minecraft:andesite":23,"minecraft:deepslate_lapis_ore":9,"supplementaries:stick":2,"minecraft:deepslate_iron_ore":13,"minecraft:cobblestone_slab":1,"minecraft:vine":2,"minecraft:stone":272,"minecraft:green_bed":1,"minecraft:deepslate_redstone_ore":1,"minecraft:crafting_table":6,"minecraft:torch":2,"minecraft:melon":14,"minecraft:chest":1,"minecraft:rose_bush":2,"minecraft:copper_ore":8,"minecraft:tall_grass":3,"minecraft:deepslate_gold_ore":12,"minecraft:damaged_anvil":1,"minecraft:diorite":11,"minecraft:wall_torch":4,"supplementaries:urn":5,"minecraft:cyan_wool":1,"minecraft:grass":31,"minecraft:coal_ore":121,"minecraft:oak_log":15,"minecraft:dirt":16,"minecraft:gold_ore":9,"minecraft:oak_leaves":5,"minecraft:deepslate":29,"minecraft:fern":1},"minecraft:broken":{"minecraft:stone_pickaxe":3,"soul_like_armors_reworked:rustysteel_boots":1,"soul_like_armors_reworked:rustysteel_helmet":1},"minecraft:killed_by":{"minecraft:iron_golem":2,"minecraft:zombie":1}},"DataVersion":3465}