{"stats":{"minecraft:killed":{"minecraft:skeleton":15,"minecraft:silverfish":1,"minecraft:pig":3,"minecraft:zombie_villager":1,"minecraft:creeper":1,"minecraft:sheep":1,"minecraft:zombie":3,"minecraft:stray":5,"minecraft:villager":1,"minecraft:cow":6},"minecraft:used":{"quark:jungle_chest":2,"minecraft:shield":72,"soul_like_armors_reworked:estusflask":8,"minecraft:stick":2,"minecraft:torch":48,"minecraft:dirt":3,"wom:stone_staff":60,"minecraft:cyan_wool":1,"minecraft:milk_bucket":1,"minecraft:iron_axe":77,"epicfight:iron_dagger":85,"wom:iron_staff":130,"minecraft:stone_bricks":1,"minecraft:furnace":5,"jet_and_elias_armors:white_mercenary_heavy_helmet":2,"minecraft:cooked_beef":2,"minecraft:potato":9,"minecraft:acacia_planks":6,"minecraft:cobbled_deepslate":6,"minecraft:light_gray_bed":1,"minecraft:wheat_seeds":10,"minecraft:water_bucket":4,"minecraft:damaged_anvil":1,"minecraft:stone_pickaxe":438,"jet_and_elias_armors:white_mercenary_heavy_chestplate":2,"minecraft:wooden_pickaxe":31,"minecraft:cobblestone_slab":2,"minecraft:crafting_table":8,"quark:acacia_chest":2,"minecraft:shears":1,"epicfight:iron_tachi":21,"minecraft:wooden_hoe":37,"minecraft:bread":11,"minecraft:melon_slice":55,"minecraft:iron_pickaxe":613,"minecraft:cobblestone":59,"minecraft:cooked_porkchop":4,"minecraft:bucket":4,"minecraft:experience_bottle":2},"minecraft:broken":{"minecraft:stone_pickaxe":3,"minecraft:iron_pickaxe":1,"soul_like_armors_reworked:rustysteel_boots":1,"soul_like_armors_reworked:rustysteel_helmet":1},"minecraft:killed_by":{"minecraft:stray":1,"minecraft:iron_golem":2,"minecraft:skeleton":2,"minecraft:zombie":1},"minecraft:mined":{"create:zinc_ore":14,"create:deepslate_zinc_ore":1,"minecraft:jungle_leaves":1,"minecraft:granite":8,"minecraft:grass_block":16,"minecraft:jungle_log":20,"minecraft:light_gray_bed":1,"minecraft:furnace":2,"minecraft:iron_ore":292,"minecraft:acacia_wood":37,"minecraft:andesite":23,"minecraft:deepslate_lapis_ore":9,"supplementaries:stick":2,"minecraft:potatoes":2,"minecraft:deepslate_iron_ore":13,"minecraft:cobblestone_slab":1,"minecraft:vine":2,"minecraft:stone":315,"minecraft:green_bed":1,"minecraft:deepslate_redstone_ore":1,"minecraft:crafting_table":6,"minecraft:torch":2,"minecraft:emerald_ore":2,"minecraft:melon":14,"minecraft:chest":1,"minecraft:rose_bush":2,"minecraft:tall_grass":3,"minecraft:copper_ore":8,"minecraft:deepslate_gold_ore":12,"minecraft:damaged_anvil":1,"minecraft:diorite":11,"minecraft:wall_torch":6,"supplementaries:urn":5,"minecraft:cyan_wool":1,"minecraft:wheat":4,"minecraft:birch_leaves":5,"minecraft:grass":32,"minecraft:oak_log":15,"minecraft:coal_ore":321,"minecraft:dirt":29,"minecraft:stone_bricks":1,"minecraft:gold_ore":9,"minecraft:oak_leaves":5,"minecraft:deepslate":29,"minecraft:fern":1},"minecraft:dropped":{"minecraft:iron_ingot":15,"minecraft:bread":1,"minecraft:crafting_table":1,"weaponmaster:tutorialbook":6,"minecraft:cobblestone":18,"minecraft:stick":3,"minecraft:dirt":18,"minecraft:iron_leggings":1,"minecraft:bucket":1,"minecraft:furnace":1,"minecraft:wheat":1,"wom:iron_staff":2,"minecraft:cobblestone_slab":5,"minecraft:shield":1,"minecraft:jungle_log":5,"minecraft:bow":2},"minecraft:crafted":{"minecraft:oak_planks":60,"minecraft:cobblestone_slab":6,"minecraft:iron_nugget":9,"wom:stone_staff":2,"epicfight:iron_spear":1,"quark:jungle_chest":2,"minecraft:furnace":4,"minecraft:heavy_weighted_pressure_plate":4,"minecraft:cooked_mutton":1,"jet_and_elias_armors:white_mercenary_heavy_chestplate":1,"jet_and_elias_armors:mercenary_gear_helmet":1,"quark:acacia_chest":3,"jet_and_elias_armors:mercenary_gear_chestplate":1,"minecraft:iron_axe":2,"minecraft:stone_pickaxe":4,"minecraft:cooked_beef":2,"minecraft:cooked_porkchop":4,"jet_and_elias_armors:white_mercenary_heavy_helmet":1,"minecraft:crafting_table":3,"minecraft:wooden_pickaxe":2,"minecraft:iron_sword":2,"epicfight:iron_dagger":2,"minecraft:bucket":2,"minecraft:air":0,"minecraft:jungle_planks":60,"epicfight:iron_tachi":1,"minecraft:wooden_hoe":1,"minecraft:shield":2,"minecraft:stick":56,"minecraft:iron_ingot":256,"minecraft:iron_pickaxe":3,"wom:iron_staff":2,"minecraft:acacia_planks":176,"minecraft:torch":52,"create:zinc_ingot":14,"minecraft:shears":1},"minecraft:picked_up":{"minecraft:charcoal":2,"minecraft:crafting_table":9,"minecraft:wheat":2,"minecraft:wooden_pickaxe":3,"wom:stone_staff":1,"minecraft:shield":4,"soul_like_armors_reworked:rustysteel_chestplate":1,"minecraft:raw_copper":58,"minecraft:iron_axe":3,"minecraft:iron_leggings":1,"minecraft:experience_bottle":5,"minecraft:gold_nugget":26,"minecraft:cobbled_deepslate":34,"minecraft:bucket":1,"minecraft:beef":11,"minecraft:rose_bush":2,"minecraft:cobblestone_slab":1,"minecraft:cyan_wool":1,"minecraft:jungle_sapling":1,"minecraft:iron_pickaxe":3,"minecraft:melon_slice":65,"minecraft:chest":1,"minecraft:furnace":2,"minecraft:tipped_arrow":4,"minecraft:stick":4,"minecraft:raw_iron":303,"minecraft:torch":13,"minecraft:green_bed":1,"minecraft:porkchop":4,"minecraft:diorite":22,"soul_like_armors_reworked:rustysteel_helmet":1,"minecraft:redstone":8,"create:zinc_ingot":14,"minecraft:light_gray_bed":1,"soul_like_armors_reworked:estusflask":19,"minecraft:rotten_flesh":5,"minecraft:arrow":31,"minecraft:stone_sword":1,"supplementaries:ash":12,"minecraft:mutton":1,"minecraft:white_wool":23,"minecraft:cobblestone":352,"minecraft:andesite":46,"minecraft:jungle_log":20,"minecraft:leather":3,"minecraft:acacia_wood":44,"minecraft:potato":7,"jet_and_elias_armors:white_mercenary_heavy_chestplate":3,"create:raw_zinc":15,"minecraft:oak_log":15,"jet_and_elias_armors:white_mercenary_heavy_helmet":3,"minecraft:lapis_lazuli":106,"minecraft:dirt":60,"supplementaries:cartographers_quill":1,"minecraft:bone":25,"minecraft:acacia_planks":187,"minecraft:stone_bricks":1,"minecraft:bow":3,"minecraft:wheat_seeds":13,"minecraft:raw_gold":19,"minecraft:iron_ingot":23,"minecraft:stone_pickaxe":2,"weaponmaster:tutorialbook":6,"soul_like_armors_reworked:rustysteel_boots":3,"irons_spellbooks:frozen_bone":9,"wom:iron_staff":2,"epicfight:iron_spear":1,"minecraft:jungle_planks":26,"minecraft:slime_ball":6,"epicfight:iron_dagger":3,"bossominium:the_bossdexium":3,"minecraft:granite":16,"minecraft:emerald":18,"minecraft:bread":7,"minecraft:oak_sapling":1,"minecraft:damaged_anvil":1,"minecraft:coal":364},"minecraft:custom":{"minecraft:mob_kills":37,"minecraft:interact_with_anvil":1,"minecraft:animals_bred":2,"minecraft:interact_with_crafting_table":66,"minecraft:leave_game":4,"minecraft:time_since_death":7156,"minecraft:climb_one_cm":4251,"minecraft:sprint_one_cm":874170,"minecraft:walk_one_cm":1274509,"minecraft:damage_blocked_by_shield":2195,"minecraft:drop":24,"minecraft:damage_dealt_absorbed":291,"minecraft:talked_to_villager":1,"minecraft:play_time":293796,"minecraft:deaths":10,"minecraft:sneak_time":8805,"minecraft:walk_under_water_one_cm":420,"minecraft:jump":4354,"minecraft:walk_on_water_one_cm":15875,"minecraft:total_world_time":293796,"minecraft:interact_with_furnace":67,"minecraft:sleep_in_bed":12,"minecraft:time_since_rest":6267,"minecraft:damage_taken":3982,"minecraft:damage_dealt":5877,"minecraft:swim_one_cm":2626,"minecraft:fly_one_cm":905348,"minecraft:open_chest":88,"minecraft:crouch_one_cm":39760,"minecraft:fall_one_cm":88779,"minecraft:horse_one_cm":449891}},"DataVersion":3465}