{"stats":{"minecraft:killed_by":{"minecraft:player":1},"minecraft:crafted":{"minecraft:oak_planks":92,"minecraft:crafting_table":1,"minecraft:stick":12,"minecraft:wooden_pickaxe":2,"minecraft:stone_pickaxe":2,"minecraft:torch":16},"minecraft:mined":{"minecraft:birch_log":7,"minecraft:grass":1,"minecraft:coal_ore":8,"minecraft:pointed_dripstone":1,"minecraft:grass_block":5,"minecraft:oak_log":25,"minecraft:dirt":16,"minecraft:stone":171,"minecraft:oak_leaves":3},"minecraft:broken":{"minecraft:wooden_pickaxe":1},"minecraft:used":{"soul_like_armors_reworked:dagger":40,"minecraft:stone_pickaxe":129,"minecraft:oak_planks":3,"minecraft:wooden_pickaxe":67,"minecraft:torch":3,"minecraft:dirt":7,"minecraft:crafting_table":1,"minecraft:pointed_dripstone":1},"minecraft:picked_up":{"minecraft:birch_log":6,"minecraft:leather_leggings":1,"minecraft:oak_log":25,"minecraft:pointed_dripstone":1,"minecraft:dirt":21,"minecraft:bone":1,"minecraft:arrow":1,"minecraft:coal":6,"minecraft:cobblestone":167},"minecraft:custom":{"minecraft:time_since_rest":9416,"minecraft:interact_with_furnace":1,"minecraft:sprint_one_cm":112691,"minecraft:damage_taken":640,"minecraft:walk_one_cm":153695,"minecraft:mob_kills":2,"minecraft:damage_dealt":589,"minecraft:damage_dealt_absorbed":17,"minecraft:interact_with_crafting_table":6,"minecraft:player_kills":2,"minecraft:fly_one_cm":66931,"minecraft:crouch_one_cm":11349,"minecraft:play_time":28122,"minecraft:deaths":2,"minecraft:sneak_time":4964,"minecraft:jump":327,"minecraft:time_since_death":9280,"minecraft:total_world_time":28122,"minecraft:fall_one_cm":12161},"minecraft:killed":{"minecraft:skeleton":2}},"DataVersion":3465}