{"stats":{"minecraft:crafted":{"minecraft:crafting_table":1,"wom:stone_staff":1,"minecraft:stick":8,"minecraft:wooden_pickaxe":1,"minecraft:stone_pickaxe":1,"minecraft:torch":4,"minecraft:jungle_planks":24},"minecraft:used":{"minecraft:melon_slice":3,"minecraft:stone_pickaxe":76,"minecraft:wooden_pickaxe":6,"minecraft:crafting_table":1,"wom:stone_staff":60},"minecraft:killed":{"minecraft:zombie":1,"minecraft:villager":1},"minecraft:custom":{"minecraft:time_since_rest":1272,"minecraft:sprint_one_cm":52028,"minecraft:damage_taken":460,"minecraft:walk_one_cm":58147,"minecraft:mob_kills":2,"minecraft:damage_dealt":654,"minecraft:interact_with_crafting_table":3,"minecraft:talked_to_villager":1,"minecraft:fly_one_cm":67949,"minecraft:open_chest":1,"minecraft:crouch_one_cm":3190,"minecraft:play_time":15945,"minecraft:deaths":2,"minecraft:sneak_time":980,"minecraft:jump":206,"minecraft:leave_game":1,"minecraft:time_since_death":1141,"minecraft:sleep_in_bed":2,"minecraft:total_world_time":15945,"minecraft:climb_one_cm":822,"minecraft:fall_one_cm":4243},"minecraft:picked_up":{"minecraft:stick":2,"minecraft:crafting_table":3,"minecraft:jungle_log":6,"minecraft:wooden_pickaxe":2,"wom:stone_staff":1,"minecraft:jungle_planks":26,"minecraft:dirt":8,"minecraft:raw_copper":58,"soul_like_armors_reworked:estusflask":10,"minecraft:experience_bottle":4,"minecraft:slime_ball":2,"bossominium:the_bossdexium":2,"minecraft:stone_pickaxe":2,"weaponmaster:tutorialbook":2,"soul_like_armors_reworked:rustysteel_boots":3,"minecraft:melon_slice":13,"minecraft:white_wool":5,"minecraft:coal":15,"minecraft:cobblestone":57},"minecraft:mined":{"minecraft:crafting_table":1,"minecraft:grass_block":1,"minecraft:coal_ore":15,"minecraft:melon":2,"minecraft:jungle_log":6,"minecraft:rose_bush":1,"minecraft:dirt":3,"minecraft:copper_ore":8,"minecraft:stone":57,"minecraft:fern":1},"minecraft:killed_by":{"minecraft:iron_golem":2}},"DataVersion":3465}