{"stats":{"minecraft:dropped":{"weaponmaster:tutorialbook":3,"wom:iron_greataxe":1},"minecraft:killed_by":{"minecraft:player":1,"minecraft:zombie":3},"minecraft:crafted":{"minecraft:cooked_beef":5,"minecraft:oak_planks":100,"minecraft:cooked_porkchop":4,"minecraft:crafting_table":2,"wom:stone_staff":2,"minecraft:wooden_pickaxe":2,"minecraft:furnace":1,"minecraft:copper_ingot":19,"minecraft:bucket":1,"minecraft:stone_axe":1,"minecraft:air":0,"minecraft:wooden_hoe":1,"minecraft:shield":1,"minecraft:iron_axe":1,"wom:iron_greataxe":1,"minecraft:stick":36,"minecraft:iron_ingot":9,"minecraft:stone_pickaxe":3,"minecraft:torch":64},"minecraft:mined":{"minecraft:crafting_table":2,"minecraft:grass_block":8,"minecraft:copper_ore":23,"minecraft:furnace":1,"minecraft:birch_log":7,"minecraft:iron_ore":9,"minecraft:jungle_fence":1,"minecraft:grass":20,"minecraft:oak_log":25,"minecraft:pointed_dripstone":3,"minecraft:coal_ore":42,"minecraft:dirt":32,"minecraft:stone":311,"minecraft:oak_leaves":3},"minecraft:used":{"epicfight:skillbook":2,"minecraft:stone_pickaxe":346,"minecraft:oak_planks":3,"minecraft:shield":3,"minecraft:wooden_pickaxe":67,"soul_like_armors_reworked:darkknightsword":5,"soul_like_armors_reworked:estusflask":3,"minecraft:rotten_flesh":1,"minecraft:torch":27,"minecraft:dirt":13,"minecraft:crafting_table":3,"wom:stone_staff":130,"wom:iron_greataxe":21,"soul_like_armors_reworked:dagger":40,"minecraft:stone_axe":5,"minecraft:cobblestone":29,"minecraft:furnace":1,"minecraft:cooked_porkchop":3,"minecraft:cooked_beef":4,"minecraft:pointed_dripstone":1},"minecraft:broken":{"minecraft:stone_pickaxe":1,"minecraft:wooden_pickaxe":1},"minecraft:custom":{"minecraft:interact_with_furnace":12,"minecraft:mob_kills":20,"minecraft:interact_with_crafting_table":18,"minecraft:open_barrel":1,"minecraft:leave_game":1,"minecraft:time_since_death":18237,"minecraft:sleep_in_bed":2,"minecraft:climb_one_cm":2900,"minecraft:time_since_rest":18367,"minecraft:sprint_one_cm":287302,"minecraft:damage_taken":1897,"minecraft:walk_one_cm":561330,"minecraft:damage_blocked_by_shield":145,"minecraft:drop":4,"minecraft:damage_dealt":2768,"minecraft:damage_dealt_absorbed":599,"minecraft:fly_one_cm":157225,"minecraft:player_kills":2,"minecraft:open_chest":2,"minecraft:crouch_one_cm":19465,"minecraft:play_time":92211,"minecraft:deaths":5,"minecraft:sneak_time":8093,"minecraft:jump":972,"minecraft:walk_on_water_one_cm":2364,"minecraft:total_world_time":92211,"minecraft:fall_one_cm":21519},"minecraft:picked_up":{"minecraft:birch_log":6,"minecraft:crafting_table":3,"minecraft:cooked_beef":3,"minecraft:leather_leggings":1,"minecraft:leather":8,"minecraft:jungle_fence":4,"minecraft:wooden_pickaxe":3,"minecraft:red_mushroom":6,"wom:iron_greataxe":4,"wom:stone_staff":2,"soul_like_armors_reworked:darkknightsword":2,"minecraft:oak_log":25,"minecraft:shield":2,"soul_like_armors_reworked:darkknightshield":1,"minecraft:wooden_hoe":3,"minecraft:dirt":91,"minecraft:string":8,"minecraft:raw_copper":275,"minecraft:bone":13,"minecraft:wheat_seeds":16,"minecraft:bucket":3,"minecraft:beef":5,"minecraft:stone_pickaxe":1,"weaponmaster:tutorialbook":1,"minecraft:oak_planks":118,"minecraft:furnace":1,"minecraft:stick":1,"minecraft:raw_iron":10,"minecraft:cooked_porkchop":2,"minecraft:copper_ingot":57,"minecraft:torch":76,"epicfight:skillbook":2,"minecraft:porkchop":4,"minecraft:pointed_dripstone":21,"minecraft:leather_helmet":3,"soul_like_armors_reworked:estusflask":4,"minecraft:arrow":16,"soul_like_armors_reworked:dark_knight_boots":1,"minecraft:rotten_flesh":10,"minecraft:stone_axe":3,"minecraft:coal":126,"minecraft:cobblestone":505},"minecraft:killed":{"minecraft:pig":2,"minecraft:spider":2,"minecraft:skeleton":8,"minecraft:zombie":6,"minecraft:cow":2}},"DataVersion":3465}