{"stats":{"minecraft:crafted":{"minecraft:cooked_beef":2,"minecraft:oak_planks":20,"minecraft:cooked_porkchop":2,"minecraft:iron_nugget":9,"minecraft:crafting_table":3,"wom:stone_staff":2,"epicfight:iron_spear":1,"minecraft:wooden_pickaxe":2,"minecraft:iron_sword":2,"minecraft:furnace":3,"epicfight:iron_dagger":2,"minecraft:bucket":1,"minecraft:heavy_weighted_pressure_plate":3,"minecraft:air":0,"minecraft:jungle_planks":40,"jet_and_elias_armors:white_mercenary_heavy_chestplate":1,"epicfight:iron_tachi":1,"jet_and_elias_armors:mercenary_gear_chestplate":1,"minecraft:shield":2,"minecraft:iron_axe":1,"minecraft:stick":44,"minecraft:iron_ingot":39,"minecraft:iron_pickaxe":2,"minecraft:stone_pickaxe":4,"wom:iron_staff":1,"minecraft:torch":52,"create:zinc_ingot":14,"minecraft:shears":1},"minecraft:used":{"minecraft:water_bucket":3,"minecraft:damaged_anvil":1,"minecraft:stone_pickaxe":438,"minecraft:shield":20,"minecraft:wooden_pickaxe":31,"soul_like_armors_reworked:estusflask":6,"minecraft:stick":2,"minecraft:torch":40,"minecraft:crafting_table":6,"wom:stone_staff":60,"minecraft:cyan_wool":1,"minecraft:shears":1,"epicfight:iron_tachi":21,"minecraft:bread":4,"minecraft:iron_axe":38,"minecraft:melon_slice":55,"minecraft:iron_pickaxe":104,"epicfight:iron_dagger":25,"wom:iron_staff":54,"minecraft:cobblestone":43,"minecraft:furnace":4,"minecraft:cooked_porkchop":2,"minecraft:bucket":3,"minecraft:cooked_beef":2,"minecraft:cobbled_deepslate":6,"minecraft:experience_bottle":2},"minecraft:killed":{"minecraft:pig":2,"minecraft:zombie_villager":1,"minecraft:creeper":1,"minecraft:skeleton":7,"minecraft:zombie":3,"minecraft:silverfish":1,"minecraft:villager":1,"minecraft:cow":3},"minecraft:custom":{"minecraft:interact_with_furnace":43,"minecraft:mob_kills":19,"minecraft:interact_with_crafting_table":39,"minecraft:leave_game":1,"minecraft:time_since_death":40910,"minecraft:sleep_in_bed":4,"minecraft:climb_one_cm":1190,"minecraft:time_since_rest":4593,"minecraft:sprint_one_cm":450251,"minecraft:damage_taken":1905,"minecraft:walk_one_cm":583942,"minecraft:damage_blocked_by_shield":685,"minecraft:damage_dealt":3431,"minecraft:swim_one_cm":2626,"minecraft:damage_dealt_absorbed":102,"minecraft:talked_to_villager":1,"minecraft:fly_one_cm":479473,"minecraft:open_chest":18,"minecraft:crouch_one_cm":18876,"minecraft:play_time":123945,"minecraft:deaths":3,"minecraft:sneak_time":4357,"minecraft:walk_under_water_one_cm":420,"minecraft:jump":2274,"minecraft:walk_on_water_one_cm":15875,"minecraft:total_world_time":123945,"minecraft:fall_one_cm":37882},"minecraft:picked_up":{"minecraft:crafting_table":7,"minecraft:jungle_log":20,"minecraft:andesite":23,"minecraft:leather":2,"minecraft:wooden_pickaxe":2,"wom:stone_staff":1,"create:raw_zinc":15,"minecraft:oak_log":15,"soul_like_armors_reworked:rustysteel_chestplate":1,"minecraft:lapis_lazuli":62,"minecraft:dirt":20,"minecraft:raw_copper":58,"minecraft:bone":7,"minecraft:experience_bottle":4,"minecraft:wheat_seeds":4,"minecraft:gold_nugget":26,"minecraft:cobbled_deepslate":34,"minecraft:raw_gold":19,"minecraft:jungle_sapling":1,"minecraft:beef":5,"minecraft:stone_pickaxe":2,"minecraft:rose_bush":1,"weaponmaster:tutorialbook":2,"soul_like_armors_reworked:rustysteel_boots":3,"minecraft:cyan_wool":1,"minecraft:melon_slice":65,"minecraft:furnace":1,"minecraft:stick":4,"minecraft:raw_iron":44,"minecraft:torch":6,"minecraft:green_bed":1,"minecraft:porkchop":2,"minecraft:jungle_planks":26,"minecraft:diorite":11,"soul_like_armors_reworked:rustysteel_helmet":1,"minecraft:redstone":4,"soul_like_armors_reworked:estusflask":14,"minecraft:stone_sword":1,"minecraft:arrow":8,"minecraft:rotten_flesh":5,"minecraft:slime_ball":2,"bossominium:the_bossdexium":2,"minecraft:granite":8,"minecraft:emerald":16,"supplementaries:ash":12,"minecraft:oak_sapling":1,"minecraft:damaged_anvil":1,"minecraft:coal":153,"minecraft:white_wool":21,"minecraft:cobblestone":275},"minecraft:mined":{"create:zinc_ore":14,"minecraft:deepslate_redstone_ore":1,"create:deepslate_zinc_ore":1,"minecraft:jungle_leaves":1,"minecraft:crafting_table":5,"minecraft:torch":2,"minecraft:granite":8,"minecraft:grass_block":1,"minecraft:melon":14,"minecraft:jungle_log":20,"minecraft:rose_bush":2,"minecraft:tall_grass":3,"minecraft:copper_ore":8,"minecraft:deepslate_gold_ore":12,"minecraft:damaged_anvil":1,"minecraft:diorite":11,"minecraft:wall_torch":2,"supplementaries:urn":5,"minecraft:cyan_wool":1,"minecraft:furnace":1,"minecraft:iron_ore":31,"minecraft:andesite":23,"minecraft:deepslate_lapis_ore":9,"minecraft:vine":2,"minecraft:oak_log":15,"minecraft:grass":8,"supplementaries:stick":2,"minecraft:coal_ore":121,"minecraft:deepslate_iron_ore":13,"minecraft:dirt":15,"minecraft:green_bed":1,"minecraft:gold_ore":9,"minecraft:stone":272,"minecraft:oak_leaves":5,"minecraft:deepslate":29,"minecraft:fern":1},"minecraft:broken":{"minecraft:stone_pickaxe":3,"soul_like_armors_reworked:rustysteel_boots":1,"soul_like_armors_reworked:rustysteel_helmet":1},"minecraft:killed_by":{"minecraft:zombie":1,"minecraft:iron_golem":2}},"DataVersion":3465}