{"stats":{"minecraft:custom":{"minecraft:jump":53,"minecraft:open_chest":1,"minecraft:time_since_rest":4347,"minecraft:crouch_one_cm":429,"minecraft:sprint_one_cm":12763,"minecraft:play_time":4347,"minecraft:damage_taken":20,"minecraft:time_since_death":4347,"minecraft:walk_one_cm":12654,"minecraft:sneak_time":185,"minecraft:climb_one_cm":464,"minecraft:total_world_time":4347,"minecraft:talked_to_villager":1,"minecraft:fall_one_cm":1925,"minecraft:fly_one_cm":20273},"minecraft:picked_up":{"minecraft:jungle_log":6,"minecraft:melon_slice":13},"minecraft:mined":{"minecraft:melon":2,"minecraft:jungle_log":6,"minecraft:fern":1}},"DataVersion":3465}