{"stats":{"minecraft:crafted":{"minecraft:crafting_table":2,"wom:stone_staff":1,"epicfight:iron_spear":1,"minecraft:wooden_pickaxe":1,"minecraft:iron_sword":2,"minecraft:furnace":2,"epicfight:iron_dagger":1,"minecraft:bucket":1,"minecraft:air":0,"minecraft:jungle_planks":40,"epicfight:iron_tachi":1,"minecraft:shield":1,"minecraft:iron_axe":1,"minecraft:stick":32,"minecraft:iron_ingot":24,"minecraft:iron_pickaxe":1,"minecraft:stone_pickaxe":3,"wom:iron_staff":1,"minecraft:torch":40,"create:zinc_ingot":14,"minecraft:shears":1},"minecraft:used":{"minecraft:water_bucket":2,"minecraft:damaged_anvil":1,"minecraft:stone_pickaxe":307,"minecraft:shield":5,"minecraft:wooden_pickaxe":24,"soul_like_armors_reworked:estusflask":2,"minecraft:stick":2,"minecraft:torch":34,"minecraft:crafting_table":3,"wom:stone_staff":60,"minecraft:cyan_wool":1,"minecraft:shears":1,"epicfight:iron_tachi":11,"minecraft:bread":4,"minecraft:iron_axe":1,"minecraft:melon_slice":46,"minecraft:iron_pickaxe":73,"epicfight:iron_dagger":6,"wom:iron_staff":19,"minecraft:cobblestone":10,"minecraft:furnace":2,"minecraft:bucket":3,"minecraft:cobbled_deepslate":6,"minecraft:experience_bottle":2},"minecraft:killed":{"minecraft:skeleton":3,"minecraft:zombie":3,"minecraft:silverfish":1,"minecraft:villager":1},"minecraft:custom":{"minecraft:interact_with_furnace":24,"minecraft:mob_kills":8,"minecraft:interact_with_crafting_table":19,"minecraft:leave_game":1,"minecraft:time_since_death":61141,"minecraft:sleep_in_bed":3,"minecraft:climb_one_cm":822,"minecraft:time_since_rest":17284,"minecraft:sprint_one_cm":276519,"minecraft:damage_taken":1178,"minecraft:walk_one_cm":317982,"minecraft:damage_blocked_by_shield":155,"minecraft:damage_dealt":1591,"minecraft:damage_dealt_absorbed":16,"minecraft:talked_to_villager":1,"minecraft:fly_one_cm":315593,"minecraft:open_chest":9,"minecraft:crouch_one_cm":8900,"minecraft:play_time":75945,"minecraft:deaths":2,"minecraft:sneak_time":2055,"minecraft:jump":1564,"minecraft:walk_on_water_one_cm":722,"minecraft:total_world_time":75945,"minecraft:fall_one_cm":23317},"minecraft:picked_up":{"minecraft:crafting_table":4,"minecraft:jungle_log":10,"minecraft:andesite":23,"minecraft:wooden_pickaxe":2,"wom:stone_staff":1,"create:raw_zinc":15,"soul_like_armors_reworked:rustysteel_chestplate":1,"minecraft:lapis_lazuli":62,"minecraft:dirt":20,"minecraft:raw_copper":58,"minecraft:bone":3,"minecraft:experience_bottle":4,"minecraft:wheat_seeds":3,"minecraft:gold_nugget":26,"minecraft:cobbled_deepslate":32,"minecraft:raw_gold":3,"minecraft:stone_pickaxe":2,"minecraft:rose_bush":1,"weaponmaster:tutorialbook":2,"soul_like_armors_reworked:rustysteel_boots":3,"minecraft:cyan_wool":1,"minecraft:melon_slice":65,"minecraft:stick":4,"minecraft:raw_iron":29,"minecraft:torch":5,"minecraft:jungle_planks":26,"minecraft:diorite":11,"soul_like_armors_reworked:rustysteel_helmet":1,"minecraft:redstone":4,"soul_like_armors_reworked:estusflask":12,"minecraft:arrow":4,"minecraft:rotten_flesh":4,"minecraft:slime_ball":2,"bossominium:the_bossdexium":2,"minecraft:granite":8,"supplementaries:ash":12,"minecraft:damaged_anvil":1,"minecraft:coal":44,"minecraft:white_wool":12,"minecraft:cobblestone":217},"minecraft:mined":{"create:zinc_ore":14,"minecraft:deepslate_redstone_ore":1,"create:deepslate_zinc_ore":1,"minecraft:jungle_leaves":1,"minecraft:crafting_table":2,"minecraft:torch":2,"minecraft:granite":8,"minecraft:grass_block":1,"minecraft:melon":14,"minecraft:jungle_log":10,"minecraft:rose_bush":2,"minecraft:tall_grass":3,"minecraft:copper_ore":8,"minecraft:deepslate_gold_ore":3,"minecraft:damaged_anvil":1,"minecraft:diorite":11,"minecraft:wall_torch":2,"supplementaries:urn":3,"minecraft:cyan_wool":1,"minecraft:iron_ore":16,"minecraft:andesite":23,"minecraft:deepslate_lapis_ore":9,"minecraft:grass":7,"supplementaries:stick":2,"minecraft:coal_ore":44,"minecraft:deepslate_iron_ore":13,"minecraft:dirt":15,"minecraft:stone":217,"minecraft:deepslate":28,"minecraft:fern":1},"minecraft:broken":{"minecraft:stone_pickaxe":2,"soul_like_armors_reworked:rustysteel_boots":1,"soul_like_armors_reworked:rustysteel_helmet":1},"minecraft:killed_by":{"minecraft:iron_golem":2}},"DataVersion":3465}