{"stats":{"minecraft:crafted":{"minecraft:crafting_table":1,"wom:stone_staff":1,"minecraft:stick":12,"minecraft:iron_pickaxe":1,"minecraft:iron_ingot":10,"minecraft:wooden_pickaxe":1,"minecraft:stone_pickaxe":2,"minecraft:furnace":2,"minecraft:torch":4,"minecraft:air":0,"minecraft:jungle_planks":24},"minecraft:used":{"minecraft:melon_slice":3,"minecraft:stone_pickaxe":264,"minecraft:iron_pickaxe":5,"minecraft:wooden_pickaxe":24,"soul_like_armors_reworked:estusflask":2,"minecraft:torch":1,"minecraft:cobblestone":6,"minecraft:crafting_table":2,"minecraft:furnace":2,"wom:stone_staff":60},"minecraft:killed":{"minecraft:zombie":1,"minecraft:villager":1},"minecraft:custom":{"minecraft:time_since_rest":13272,"minecraft:interact_with_furnace":6,"minecraft:sprint_one_cm":74402,"minecraft:damage_taken":561,"minecraft:walk_one_cm":87351,"minecraft:mob_kills":2,"minecraft:damage_dealt":654,"minecraft:interact_with_crafting_table":6,"minecraft:talked_to_villager":1,"minecraft:fly_one_cm":84772,"minecraft:open_chest":1,"minecraft:crouch_one_cm":4213,"minecraft:play_time":27945,"minecraft:deaths":2,"minecraft:sneak_time":1309,"minecraft:jump":360,"minecraft:leave_game":1,"minecraft:time_since_death":13141,"minecraft:sleep_in_bed":2,"minecraft:total_world_time":27945,"minecraft:climb_one_cm":822,"minecraft:fall_one_cm":4719},"minecraft:picked_up":{"minecraft:raw_iron":10,"minecraft:stick":2,"minecraft:crafting_table":3,"minecraft:andesite":15,"minecraft:jungle_log":6,"minecraft:torch":2,"minecraft:wooden_pickaxe":2,"wom:stone_staff":1,"minecraft:jungle_planks":26,"minecraft:diorite":11,"minecraft:dirt":19,"minecraft:raw_copper":58,"soul_like_armors_reworked:estusflask":10,"minecraft:experience_bottle":4,"minecraft:slime_ball":2,"bossominium:the_bossdexium":2,"minecraft:granite":8,"minecraft:stone_pickaxe":2,"weaponmaster:tutorialbook":2,"soul_like_armors_reworked:rustysteel_boots":3,"minecraft:melon_slice":13,"minecraft:white_wool":5,"minecraft:coal":42,"minecraft:cobblestone":193},"minecraft:mined":{"minecraft:iron_ore":10,"minecraft:andesite":15,"minecraft:torch":1,"minecraft:crafting_table":1,"minecraft:granite":8,"minecraft:grass_block":1,"minecraft:coal_ore":42,"minecraft:melon":2,"minecraft:jungle_log":6,"minecraft:rose_bush":1,"minecraft:dirt":14,"minecraft:copper_ore":8,"minecraft:stone":193,"minecraft:diorite":11,"minecraft:wall_torch":1,"minecraft:fern":1},"minecraft:broken":{"minecraft:stone_pickaxe":2},"minecraft:killed_by":{"minecraft:iron_golem":2}},"DataVersion":3465}