{"stats":{"minecraft:crafted":{"minecraft:crafting_table":1,"wom:stone_staff":1,"minecraft:wooden_pickaxe":1,"minecraft:furnace":2,"minecraft:bucket":1,"minecraft:air":0,"minecraft:jungle_planks":40,"minecraft:stick":32,"minecraft:iron_ingot":18,"minecraft:iron_pickaxe":1,"minecraft:stone_pickaxe":3,"wom:iron_staff":1,"minecraft:torch":40,"create:zinc_ingot":14},"minecraft:used":{"minecraft:water_bucket":1,"minecraft:damaged_anvil":1,"minecraft:stone_pickaxe":307,"minecraft:wooden_pickaxe":24,"soul_like_armors_reworked:estusflask":2,"minecraft:stick":2,"minecraft:torch":11,"minecraft:crafting_table":2,"wom:stone_staff":60,"minecraft:melon_slice":17,"minecraft:iron_pickaxe":59,"wom:iron_staff":2,"minecraft:cobblestone":6,"minecraft:furnace":2,"minecraft:bucket":2,"minecraft:cobbled_deepslate":6,"minecraft:experience_bottle":2},"minecraft:killed":{"minecraft:zombie":1,"minecraft:villager":1},"minecraft:custom":{"minecraft:interact_with_furnace":20,"minecraft:mob_kills":2,"minecraft:interact_with_crafting_table":11,"minecraft:leave_game":1,"minecraft:time_since_death":37141,"minecraft:sleep_in_bed":2,"minecraft:climb_one_cm":822,"minecraft:time_since_rest":37272,"minecraft:sprint_one_cm":142111,"minecraft:damage_taken":739,"minecraft:walk_one_cm":232954,"minecraft:damage_dealt":694,"minecraft:talked_to_villager":1,"minecraft:fly_one_cm":177456,"minecraft:open_chest":6,"minecraft:crouch_one_cm":6669,"minecraft:play_time":51945,"minecraft:deaths":2,"minecraft:sneak_time":1779,"minecraft:jump":990,"minecraft:walk_on_water_one_cm":9,"minecraft:total_world_time":51945,"minecraft:fall_one_cm":13415},"minecraft:picked_up":{"minecraft:crafting_table":3,"minecraft:jungle_log":10,"minecraft:andesite":23,"minecraft:wooden_pickaxe":2,"wom:stone_staff":1,"create:raw_zinc":14,"minecraft:lapis_lazuli":44,"minecraft:dirt":20,"minecraft:raw_copper":58,"minecraft:experience_bottle":4,"minecraft:wheat_seeds":3,"minecraft:cobbled_deepslate":27,"minecraft:stone_pickaxe":2,"minecraft:rose_bush":1,"weaponmaster:tutorialbook":2,"soul_like_armors_reworked:rustysteel_boots":3,"minecraft:melon_slice":65,"minecraft:stick":4,"minecraft:raw_iron":24,"minecraft:torch":4,"minecraft:jungle_planks":26,"minecraft:diorite":11,"minecraft:redstone":4,"soul_like_armors_reworked:estusflask":10,"minecraft:slime_ball":2,"bossominium:the_bossdexium":2,"minecraft:granite":8,"minecraft:damaged_anvil":1,"minecraft:coal":44,"minecraft:white_wool":5,"minecraft:cobblestone":217},"minecraft:mined":{"create:zinc_ore":14,"minecraft:deepslate_redstone_ore":1,"minecraft:jungle_leaves":1,"minecraft:crafting_table":1,"minecraft:torch":2,"minecraft:granite":8,"minecraft:grass_block":1,"minecraft:melon":14,"minecraft:jungle_log":10,"minecraft:rose_bush":2,"minecraft:tall_grass":3,"minecraft:copper_ore":8,"minecraft:damaged_anvil":1,"minecraft:diorite":11,"minecraft:wall_torch":2,"minecraft:iron_ore":16,"minecraft:andesite":23,"minecraft:deepslate_lapis_ore":6,"minecraft:grass":7,"supplementaries:stick":2,"minecraft:coal_ore":44,"minecraft:deepslate_iron_ore":8,"minecraft:dirt":15,"minecraft:stone":217,"minecraft:deepslate":27,"minecraft:fern":1},"minecraft:broken":{"minecraft:stone_pickaxe":2},"minecraft:killed_by":{"minecraft:iron_golem":2}},"DataVersion":3465}