{"stats":{"minecraft:killed_by":{"minecraft:player":1},"minecraft:crafted":{"minecraft:oak_planks":100,"minecraft:wooden_hoe":1,"minecraft:iron_axe":1,"minecraft:crafting_table":2,"wom:iron_greataxe":1,"minecraft:stick":36,"minecraft:iron_ingot":9,"minecraft:wooden_pickaxe":2,"minecraft:stone_pickaxe":3,"minecraft:furnace":1,"minecraft:copper_ingot":19,"minecraft:bucket":1,"minecraft:torch":64,"minecraft:stone_axe":1,"minecraft:cooked_beef":4,"minecraft:air":0},"minecraft:mined":{"minecraft:furnace":1,"minecraft:iron_ore":9,"minecraft:birch_log":7,"minecraft:crafting_table":2,"minecraft:grass":20,"minecraft:coal_ore":42,"minecraft:pointed_dripstone":3,"minecraft:grass_block":8,"minecraft:oak_log":25,"minecraft:dirt":32,"minecraft:copper_ore":23,"minecraft:stone":311,"minecraft:oak_leaves":3},"minecraft:used":{"soul_like_armors_reworked:dagger":40,"minecraft:stone_pickaxe":346,"minecraft:oak_planks":3,"minecraft:wooden_pickaxe":67,"minecraft:stone_axe":4,"minecraft:torch":27,"minecraft:dirt":13,"minecraft:cobblestone":1,"minecraft:crafting_table":3,"minecraft:furnace":1,"minecraft:cooked_beef":3,"wom:iron_greataxe":6,"minecraft:pointed_dripstone":1},"minecraft:broken":{"minecraft:stone_pickaxe":1,"minecraft:wooden_pickaxe":1},"minecraft:picked_up":{"minecraft:birch_log":6,"minecraft:raw_iron":10,"minecraft:crafting_table":2,"minecraft:leather_leggings":1,"minecraft:leather":2,"minecraft:torch":1,"minecraft:porkchop":4,"minecraft:oak_log":25,"minecraft:pointed_dripstone":6,"minecraft:string":1,"minecraft:dirt":40,"minecraft:raw_copper":83,"minecraft:bone":1,"minecraft:arrow":1,"minecraft:wheat_seeds":4,"minecraft:beef":5,"minecraft:coal":42,"minecraft:cobblestone":307,"minecraft:furnace":1},"minecraft:custom":{"minecraft:time_since_rest":33416,"minecraft:interact_with_furnace":10,"minecraft:sprint_one_cm":112691,"minecraft:damage_taken":640,"minecraft:walk_one_cm":415080,"minecraft:mob_kills":7,"minecraft:damage_dealt":1131,"minecraft:damage_dealt_absorbed":195,"minecraft:interact_with_crafting_table":14,"minecraft:player_kills":2,"minecraft:fly_one_cm":67168,"minecraft:crouch_one_cm":18789,"minecraft:play_time":52122,"minecraft:deaths":2,"minecraft:sneak_time":8017,"minecraft:jump":658,"minecraft:walk_on_water_one_cm":2364,"minecraft:time_since_death":33280,"minecraft:climb_one_cm":922,"minecraft:total_world_time":52122,"minecraft:fall_one_cm":15963},"minecraft:killed":{"minecraft:skeleton":2,"minecraft:pig":2,"minecraft:spider":1,"minecraft:cow":2}},"DataVersion":3465}