{"stats":{"minecraft:crafted":{"minecraft:cooked_beef":2,"minecraft:oak_planks":20,"minecraft:crafting_table":3,"wom:stone_staff":2,"epicfight:iron_spear":1,"minecraft:wooden_pickaxe":2,"minecraft:iron_sword":2,"minecraft:furnace":3,"epicfight:iron_dagger":2,"minecraft:bucket":1,"minecraft:air":0,"minecraft:jungle_planks":40,"epicfight:iron_tachi":1,"minecraft:shield":2,"minecraft:iron_axe":1,"minecraft:stick":44,"minecraft:iron_ingot":28,"minecraft:iron_pickaxe":1,"minecraft:stone_pickaxe":4,"wom:iron_staff":1,"minecraft:torch":52,"create:zinc_ingot":14,"minecraft:shears":1},"minecraft:used":{"minecraft:water_bucket":3,"minecraft:damaged_anvil":1,"minecraft:stone_pickaxe":417,"minecraft:shield":20,"minecraft:wooden_pickaxe":27,"soul_like_armors_reworked:estusflask":6,"minecraft:stick":2,"minecraft:torch":39,"minecraft:crafting_table":5,"wom:stone_staff":60,"minecraft:cyan_wool":1,"minecraft:shears":1,"epicfight:iron_tachi":21,"minecraft:bread":4,"minecraft:iron_axe":7,"minecraft:melon_slice":55,"minecraft:iron_pickaxe":83,"epicfight:iron_dagger":25,"wom:iron_staff":33,"minecraft:cobblestone":25,"minecraft:furnace":3,"minecraft:bucket":3,"minecraft:cooked_beef":2,"minecraft:cobbled_deepslate":6,"minecraft:experience_bottle":2},"minecraft:killed":{"minecraft:zombie_villager":1,"minecraft:creeper":1,"minecraft:skeleton":7,"minecraft:zombie":3,"minecraft:silverfish":1,"minecraft:villager":1,"minecraft:cow":1},"minecraft:custom":{"minecraft:interact_with_furnace":34,"minecraft:mob_kills":15,"minecraft:interact_with_crafting_table":31,"minecraft:leave_game":1,"minecraft:time_since_death":16910,"minecraft:sleep_in_bed":3,"minecraft:climb_one_cm":822,"minecraft:time_since_rest":17046,"minecraft:sprint_one_cm":407905,"minecraft:damage_taken":1820,"minecraft:walk_one_cm":452079,"minecraft:damage_blocked_by_shield":685,"minecraft:damage_dealt":3031,"minecraft:swim_one_cm":2626,"minecraft:damage_dealt_absorbed":84,"minecraft:talked_to_villager":1,"minecraft:fly_one_cm":420032,"minecraft:open_chest":12,"minecraft:crouch_one_cm":15178,"minecraft:play_time":99945,"minecraft:deaths":3,"minecraft:sneak_time":3574,"minecraft:walk_under_water_one_cm":420,"minecraft:jump":1981,"minecraft:walk_on_water_one_cm":15177,"minecraft:total_world_time":99945,"minecraft:fall_one_cm":32864},"minecraft:picked_up":{"minecraft:crafting_table":5,"minecraft:jungle_log":10,"minecraft:andesite":23,"minecraft:wooden_pickaxe":2,"wom:stone_staff":1,"create:raw_zinc":15,"minecraft:oak_log":5,"soul_like_armors_reworked:rustysteel_chestplate":1,"minecraft:lapis_lazuli":62,"minecraft:dirt":20,"minecraft:raw_copper":58,"minecraft:bone":7,"minecraft:experience_bottle":4,"minecraft:wheat_seeds":3,"minecraft:gold_nugget":26,"minecraft:cobbled_deepslate":34,"minecraft:raw_gold":12,"minecraft:beef":2,"minecraft:stone_pickaxe":2,"minecraft:rose_bush":1,"weaponmaster:tutorialbook":2,"soul_like_armors_reworked:rustysteel_boots":3,"minecraft:cyan_wool":1,"minecraft:melon_slice":65,"minecraft:stick":4,"minecraft:raw_iron":44,"minecraft:torch":6,"minecraft:jungle_planks":26,"minecraft:diorite":11,"soul_like_armors_reworked:rustysteel_helmet":1,"minecraft:redstone":4,"soul_like_armors_reworked:estusflask":14,"minecraft:stone_sword":1,"minecraft:arrow":8,"minecraft:rotten_flesh":5,"minecraft:slime_ball":2,"bossominium:the_bossdexium":2,"minecraft:granite":8,"minecraft:emerald":16,"supplementaries:ash":12,"minecraft:damaged_anvil":1,"minecraft:coal":107,"minecraft:white_wool":15,"minecraft:cobblestone":254},"minecraft:mined":{"create:zinc_ore":14,"minecraft:deepslate_redstone_ore":1,"create:deepslate_zinc_ore":1,"minecraft:jungle_leaves":1,"minecraft:crafting_table":3,"minecraft:torch":2,"minecraft:granite":8,"minecraft:grass_block":1,"minecraft:melon":14,"minecraft:jungle_log":10,"minecraft:rose_bush":2,"minecraft:tall_grass":3,"minecraft:copper_ore":8,"minecraft:deepslate_gold_ore":12,"minecraft:damaged_anvil":1,"minecraft:diorite":11,"minecraft:wall_torch":2,"supplementaries:urn":5,"minecraft:cyan_wool":1,"minecraft:iron_ore":31,"minecraft:andesite":23,"minecraft:deepslate_lapis_ore":9,"minecraft:oak_log":5,"minecraft:grass":7,"supplementaries:stick":2,"minecraft:coal_ore":107,"minecraft:deepslate_iron_ore":13,"minecraft:dirt":15,"minecraft:stone":250,"minecraft:deepslate":29,"minecraft:fern":1},"minecraft:broken":{"minecraft:stone_pickaxe":2,"soul_like_armors_reworked:rustysteel_boots":1,"soul_like_armors_reworked:rustysteel_helmet":1},"minecraft:killed_by":{"minecraft:zombie":1,"minecraft:iron_golem":2}},"DataVersion":3465}