{"stats":{"minecraft:used":{"quark:jungle_chest":2,"minecraft:shield":73,"soul_like_armors_reworked:estusflask":10,"minecraft:rotten_flesh":4,"minecraft:stick":2,"minecraft:torch":60,"minecraft:dirt":8,"minecraft:spyglass":25,"wom:stone_staff":60,"minecraft:cyan_wool":1,"minecraft:milk_bucket":1,"minecraft:iron_axe":100,"epicfight:iron_dagger":220,"wom:iron_staff":623,"minecraft:stone_bricks":1,"minecraft:written_book":2,"minecraft:furnace":7,"jet_and_elias_armors:white_mercenary_heavy_helmet":2,"minecraft:cooked_beef":24,"minecraft:potato":9,"minecraft:cobbled_deepslate":6,"minecraft:acacia_planks":14,"minecraft:light_gray_bed":1,"minecraft:wheat_seeds":28,"minecraft:water_bucket":12,"epicfight:skillbook":1,"minecraft:damaged_anvil":1,"minecraft:stone_pickaxe":507,"jet_and_elias_armors:white_mercenary_heavy_chestplate":2,"minecraft:wooden_pickaxe":31,"minecraft:cobblestone_slab":2,"minecraft:crafting_table":13,"quark:acacia_chest":7,"minecraft:cod":3,"minecraft:shears":1,"epicfight:iron_tachi":21,"minecraft:wooden_hoe":37,"minecraft:bread":31,"minecraft:melon_slice":55,"minecraft:iron_pickaxe":614,"minecraft:cobblestone":89,"minecraft:cooked_porkchop":4,"minecraft:bucket":13,"minecraft:bone_meal":6,"minecraft:experience_bottle":2},"minecraft:killed":{"irons_spellbooks:summoned_zombie":3,"minecraft:vindicator":1,"minecraft:spider":3,"minecraft:skeleton":30,"minecraft:horse":2,"minecraft:silverfish":1,"irons_spellbooks:summoned_skeleton":1,"minecraft:pig":8,"minecraft:zombie_villager":1,"irons_spellbooks:necromancer":2,"minecraft:creeper":2,"minecraft:sheep":5,"minecraft:pillager":3,"minecraft:zombie":8,"minecraft:stray":5,"minecraft:villager":1,"quark:wraith":2,"minecraft:cow":19},"minecraft:broken":{"wom:iron_staff":1,"minecraft:stone_pickaxe":3,"minecraft:iron_pickaxe":1,"soul_like_armors_reworked:rustysteel_boots":1,"soul_like_armors_reworked:rustysteel_helmet":1},"minecraft:killed_by":{"minecraft:stray":1,"minecraft:iron_golem":2,"minecraft:skeleton":2,"minecraft:zombie":1},"minecraft:mined":{"create:zinc_ore":14,"quark:red_corundum":1,"create:deepslate_zinc_ore":1,"minecraft:jungle_leaves":1,"minecraft:red_nether_bricks":1,"minecraft:granite":8,"minecraft:deepslate_tile_wall":1,"minecraft:acacia_log":7,"minecraft:grass_block":19,"minecraft:brown_wool":2,"minecraft:jungle_log":20,"minecraft:light_gray_bed":1,"quark:acacia_chest":1,"minecraft:spawner":9,"minecraft:hay_block":53,"minecraft:black_stained_glass_pane":2,"minecraft:furnace":2,"minecraft:iron_ore":292,"minecraft:acacia_wood":37,"minecraft:andesite":23,"minecraft:anvil":2,"minecraft:deepslate_lapis_ore":9,"minecraft:potatoes":2,"supplementaries:stick":2,"minecraft:vine":2,"minecraft:cobblestone_slab":1,"minecraft:deepslate_iron_ore":13,"minecraft:stone":316,"minecraft:green_bed":1,"quark:red_corundum_cluster":4,"minecraft:smithing_table":1,"minecraft:deepslate_redstone_ore":1,"minecraft:acacia_leaves":1,"quark:cactus_block":1,"minecraft:oak_fence":1,"minecraft:crafting_table":9,"minecraft:torch":4,"minecraft:blast_furnace":7,"minecraft:emerald_ore":2,"minecraft:calcite":2,"minecraft:melon":14,"minecraft:chest":1,"minecraft:rose_bush":2,"minecraft:nether_brick_slab":3,"minecraft:copper_ore":8,"minecraft:tall_grass":4,"minecraft:cobblestone":1,"minecraft:deepslate_gold_ore":12,"minecraft:grindstone":1,"minecraft:sugar_cane":11,"minecraft:damaged_anvil":1,"minecraft:diorite":12,"minecraft:wall_torch":12,"supplementaries:urn":5,"minecraft:cyan_wool":1,"supplementaries:hourglass":1,"minecraft:wheat":8,"minecraft:birch_leaves":5,"minecraft:grass":35,"minecraft:coal_ore":321,"minecraft:oak_log":15,"minecraft:dirt":33,"minecraft:stone_bricks":1,"minecraft:gold_ore":9,"minecraft:oak_leaves":5,"minecraft:deepslate":29,"minecraft:fern":1},"minecraft:dropped":{"minecraft:iron_ingot":15,"minecraft:bread":1,"minecraft:crafting_table":1,"weaponmaster:tutorialbook":6,"minecraft:cobblestone":19,"soul_like_armors_reworked:dark_knight_boots":1,"soul_like_armors_reworked:rustysteel_boots":1,"minecraft:stick":3,"minecraft:dirt":19,"minecraft:diorite":1,"minecraft:wooden_hoe":1,"jet_and_elias_armors:white_corinthos_helmet":1,"minecraft:iron_leggings":1,"minecraft:bucket":1,"minecraft:nether_brick_slab":4,"minecraft:furnace":1,"minecraft:dark_oak_sign":8,"minecraft:wheat":1,"soul_like_armors_reworked:rustysteel_helmet":1,"minecraft:beetroot":11,"minecraft:grindstone":1,"wom:iron_staff":2,"soul_like_armors_reworked:rustyshield":5,"minecraft:cobblestone_slab":5,"minecraft:shield":1,"minecraft:jungle_log":5,"soul_like_armors_reworked:dark_knight_helmet":1,"soul_like_armors_reworked:rustysteel_chestplate":3,"minecraft:spider_eye":1,"minecraft:bow":2,"minecraft:calcite":2,"minecraft:written_book":2,"epicfight:skillbook":1},"minecraft:crafted":{"minecraft:oak_planks":68,"minecraft:cobblestone_slab":6,"soul_like_armors_reworked:assassin_helmet":1,"minecraft:iron_nugget":18,"wom:stone_staff":2,"epicfight:iron_spear":1,"quark:jungle_chest":2,"minecraft:furnace":6,"minecraft:bone_meal":6,"minecraft:heavy_weighted_pressure_plate":10,"minecraft:cooked_mutton":1,"jet_and_elias_armors:white_mercenary_heavy_chestplate":2,"jet_and_elias_armors:mercenary_gear_helmet":2,"quark:acacia_chest":6,"jet_and_elias_armors:mercenary_gear_chestplate":2,"minecraft:iron_axe":2,"jet_and_elias_armors:red_gold_mercenary_heavy_leggings":1,"minecraft:stone_pickaxe":5,"minecraft:wheat":162,"minecraft:cooked_beef":24,"minecraft:cooked_porkchop":4,"minecraft:crafting_table":5,"jet_and_elias_armors:white_mercenary_heavy_helmet":1,"jet_and_elias_armors:white_corinthos_helmet":1,"minecraft:wooden_pickaxe":2,"minecraft:iron_sword":2,"epicfight:iron_dagger":3,"minecraft:bucket":3,"minecraft:bread":54,"jet_and_elias_armors:gladiator_armor_boots":1,"minecraft:air":0,"minecraft:jungle_planks":60,"epicfight:iron_tachi":1,"minecraft:wooden_hoe":1,"minecraft:shield":3,"minecraft:stick":80,"minecraft:iron_ingot":292,"minecraft:iron_pickaxe":3,"jet_and_elias_armors:mercenary_gear_boots":1,"wom:iron_staff":2,"jet_and_elias_armors:mercenary_gear_leggings":1,"minecraft:acacia_planks":204,"minecraft:torch":60,"create:zinc_ingot":14,"minecraft:shears":1},"minecraft:picked_up":{"minecraft:charcoal":2,"minecraft:crafting_table":12,"minecraft:wheat":10,"minecraft:anvil":2,"minecraft:smithing_table":1,"minecraft:wooden_pickaxe":3,"minecraft:potion":2,"wom:stone_staff":1,"minecraft:shield":4,"soul_like_armors_reworked:rustysteel_chestplate":4,"minecraft:string":3,"minecraft:raw_copper":58,"minecraft:iron_axe":3,"minecraft:red_nether_bricks":1,"minecraft:iron_leggings":1,"minecraft:beetroot":11,"minecraft:experience_bottle":5,"minecraft:cyan_carpet":2,"irons_spellbooks:arcane_essence":6,"supplementaries:hourglass":1,"minecraft:gold_nugget":26,"minecraft:cobbled_deepslate":34,"minecraft:bucket":1,"minecraft:calcite":2,"minecraft:beef":35,"minecraft:rose_bush":2,"minecraft:written_book":1,"minecraft:cobblestone_slab":1,"minecraft:cyan_wool":1,"minecraft:jungle_sapling":1,"minecraft:iron_pickaxe":3,"minecraft:deepslate_tile_wall":1,"minecraft:melon_slice":65,"minecraft:sugar_cane":19,"minecraft:chest":1,"minecraft:furnace":2,"minecraft:tipped_arrow":4,"minecraft:stick":4,"minecraft:raw_iron":303,"minecraft:oak_fence":1,"minecraft:torch":20,"minecraft:acacia_log":7,"minecraft:green_bed":1,"epicfight:skillbook":2,"minecraft:porkchop":11,"minecraft:diorite":23,"minecraft:redstone":8,"soul_like_armors_reworked:rustysteel_helmet":2,"create:zinc_ingot":14,"soul_like_armors_reworked:estusflask":34,"minecraft:stone_sword":1,"minecraft:arrow":61,"minecraft:light_gray_bed":1,"minecraft:honey_bottle":1,"minecraft:rotten_flesh":18,"quark:acacia_chest":1,"minecraft:hay_block":53,"minecraft:saddle":1,"supplementaries:ash":12,"minecraft:mutton":7,"minecraft:white_wool":34,"minecraft:cobblestone":354,"minecraft:andesite":46,"minecraft:jungle_log":20,"minecraft:leather":11,"minecraft:brown_wool":2,"minecraft:acacia_wood":44,"minecraft:potato":7,"minecraft:oak_log":15,"create:raw_zinc":15,"jet_and_elias_armors:white_mercenary_heavy_helmet":3,"jet_and_elias_armors:white_mercenary_heavy_chestplate":3,"minecraft:wooden_hoe":1,"minecraft:lapis_lazuli":106,"minecraft:dirt":68,"soul_like_armors_reworked:rustyshield":5,"minecraft:bone":47,"supplementaries:cartographers_quill":1,"minecraft:acacia_planks":187,"minecraft:stone_bricks":1,"minecraft:bow":3,"minecraft:wheat_seeds":38,"minecraft:dark_oak_sign":8,"minecraft:raw_gold":19,"minecraft:grindstone":1,"minecraft:iron_ingot":23,"minecraft:stone_pickaxe":2,"soul_like_armors_reworked:dark_knight_helmet":1,"weaponmaster:tutorialbook":6,"soul_like_armors_reworked:rustysteel_boots":4,"quark:soul_bead":4,"quark:cactus_block":1,"quark:red_corundum_cluster":5,"irons_spellbooks:frozen_bone":9,"wom:iron_staff":2,"epicfight:iron_spear":1,"minecraft:jungle_planks":26,"minecraft:blast_furnace":7,"minecraft:nether_brick_slab":4,"quark:red_corundum":1,"minecraft:spider_eye":2,"quark:birch_ladder":2,"soul_like_armors_reworked:dark_knight_boots":1,"minecraft:slime_ball":6,"bossominium:the_bossdexium":3,"epicfight:iron_dagger":3,"minecraft:granite":16,"minecraft:golden_apple":2,"minecraft:emerald":18,"minecraft:bread":7,"minecraft:oak_sapling":1,"minecraft:damaged_anvil":1,"minecraft:coal":364},"minecraft:custom":{"minecraft:interact_with_smithing_table":1,"minecraft:interact_with_anvil":1,"minecraft:mob_kills":100,"minecraft:animals_bred":5,"minecraft:interact_with_crafting_table":98,"minecraft:open_barrel":16,"minecraft:eat_cake_slice":3,"minecraft:leave_game":7,"minecraft:time_since_death":103304,"minecraft:climb_one_cm":15213,"minecraft:sprint_one_cm":1845451,"minecraft:walk_one_cm":1958727,"minecraft:damage_blocked_by_shield":2245,"minecraft:drop":51,"minecraft:damage_dealt_absorbed":951,"minecraft:talked_to_villager":1,"minecraft:raid_win":1,"minecraft:play_time":412772,"minecraft:sneak_time":11024,"minecraft:deaths":11,"minecraft:walk_under_water_one_cm":1785,"minecraft:jump":5933,"minecraft:interact_with_blast_furnace":5,"minecraft:walk_on_water_one_cm":19487,"minecraft:total_world_time":412772,"minecraft:interact_with_furnace":84,"minecraft:interact_with_grindstone":1,"minecraft:sleep_in_bed":17,"minecraft:time_since_rest":9776,"minecraft:damage_taken":6683,"minecraft:damage_dealt":16907,"minecraft:swim_one_cm":16260,"minecraft:fly_one_cm":1558096,"minecraft:open_chest":143,"minecraft:crouch_one_cm":47951,"minecraft:fall_one_cm":130889,"minecraft:horse_one_cm":449891}},"DataVersion":3465}