{"stats":{"minecraft:killed_by":{"minecraft:player":1},"minecraft:crafted":{"minecraft:oak_planks":12,"minecraft:torch":16,"minecraft:crafting_table":1,"minecraft:stick":8,"minecraft:stone_pickaxe":1,"minecraft:wooden_pickaxe":1},"minecraft:mined":{"minecraft:grass_block":3,"minecraft:grass":1,"minecraft:oak_log":3,"minecraft:dirt":10,"minecraft:birch_log":7,"minecraft:stone":157},"minecraft:broken":{"minecraft:wooden_pickaxe":1},"minecraft:used":{"soul_like_armors_reworked:dagger":40,"minecraft:dirt":3,"minecraft:crafting_table":1,"minecraft:stone_pickaxe":109,"minecraft:wooden_pickaxe":59},"minecraft:picked_up":{"minecraft:birch_log":6,"minecraft:arrow":1,"minecraft:leather_leggings":1,"minecraft:oak_log":3,"minecraft:dirt":13,"minecraft:cobblestone":154,"minecraft:bone":1},"minecraft:custom":{"minecraft:interact_with_furnace":1,"minecraft:time_since_rest":11981,"minecraft:crouch_one_cm":8124,"minecraft:deaths":1,"minecraft:play_time":16122,"minecraft:sprint_one_cm":46237,"minecraft:damage_taken":280,"minecraft:walk_one_cm":32659,"minecraft:sneak_time":4203,"minecraft:mob_kills":2,"minecraft:jump":105,"minecraft:damage_dealt":589,"minecraft:time_since_death":11840,"minecraft:total_world_time":16122,"minecraft:damage_dealt_absorbed":17,"minecraft:interact_with_crafting_table":4,"minecraft:fall_one_cm":6903,"minecraft:fly_one_cm":35216,"minecraft:player_kills":2},"minecraft:killed":{"minecraft:skeleton":2}},"DataVersion":3465}