{"stats":{"minecraft:mined":{"minecraft:birch_log":7,"minecraft:grass":1},"minecraft:used":{"soul_like_armors_reworked:dagger":39},"minecraft:picked_up":{"minecraft:arrow":1,"minecraft:leather_leggings":1,"minecraft:birch_log":6},"minecraft:custom":{"minecraft:jump":51,"minecraft:time_since_rest":4122,"minecraft:damage_dealt":576,"minecraft:crouch_one_cm":954,"minecraft:sprint_one_cm":16715,"minecraft:play_time":4122,"minecraft:damage_taken":150,"minecraft:time_since_death":4122,"minecraft:walk_one_cm":23700,"minecraft:sneak_time":315,"minecraft:total_world_time":4122,"minecraft:mob_kills":1,"minecraft:damage_dealt_absorbed":16,"minecraft:fall_one_cm":2599,"minecraft:fly_one_cm":19273,"minecraft:player_kills":2},"minecraft:killed":{"minecraft:skeleton":1}},"DataVersion":3465}