{"stats":{"minecraft:killed":{"minecraft:cow":1},"minecraft:used":{"minecraft:beetroot":12,"soul_like_armors_reworked:dagger":5,"minecraft:mutton":5,"minecraft:beef":7,"minecraft:porkchop":1},"minecraft:mined":{"minecraft:grass":17,"minecraft:vine":2,"minecraft:jungle_log":9,"minecraft:jungle_leaves":5,"minecraft:pumpkin":9,"minecraft:oak_leaves":6},"minecraft:crafted":{"minecraft:jungle_planks":4},"minecraft:picked_up":{"minecraft:cocoa_beans":6,"minecraft:stick":1,"minecraft:feather":4,"minecraft:chicken":3,"minecraft:jungle_log":9,"minecraft:leather":5,"minecraft:wheat_seeds":1,"minecraft:beef":8,"minecraft:porkchop":6,"minecraft:oak_sapling":1,"minecraft:mutton":7,"minecraft:white_wool":4,"minecraft:pumpkin":9},"minecraft:custom":{"minecraft:open_barrel":3,"minecraft:open_chest":3,"minecraft:time_since_rest":29803,"minecraft:crouch_one_cm":67,"minecraft:play_time":29803,"minecraft:sprint_one_cm":236172,"minecraft:damage_taken":200,"minecraft:walk_one_cm":265098,"minecraft:sneak_time":133,"minecraft:walk_under_water_one_cm":125,"minecraft:mob_kills":11,"minecraft:jump":334,"minecraft:damage_dealt":264,"minecraft:leave_game":2,"minecraft:time_since_death":29803,"minecraft:walk_on_water_one_cm":4300,"minecraft:total_world_time":29803,"minecraft:climb_one_cm":8969,"minecraft:fall_one_cm":8349,"minecraft:fly_one_cm":71521}},"DataVersion":3465}