{"stats":{"minecraft:killed":{"minecraft:husk":1,"minecraft:pig":1,"minecraft:spider":2,"minecraft:skeleton":1,"minecraft:pillager":5,"minecraft:zombie":1,"minecraft:cow":1},"minecraft:used":{"minecraft:beetroot":12,"minecraft:cooked_mutton":2,"minecraft:stick":1,"minecraft:mutton":5,"minecraft:carrot":1,"soul_like_armors_reworked:dagger":69,"minecraft:bread":9,"minecraft:beef":7,"minecraft:cooked_porkchop":5,"minecraft:porkchop":1,"minecraft:cooked_beef":1},"minecraft:mined":{"minecraft:jungle_leaves":5,"minecraft:jungle_log":9,"minecraft:cyan_bed":1,"minecraft:seagrass":1,"minecraft:tall_seagrass":11,"minecraft:cactus":5,"minecraft:pumpkin":9,"minecraft:grass":37,"supplementaries:stick":1,"minecraft:vine":2,"minecraft:oak_leaves":6},"minecraft:killed_by":{"minecraft:vindicator":1},"minecraft:dropped":{"minecraft:wheat_seeds":8,"minecraft:dark_oak_sign":5,"soul_like_armors_reworked:rustysteel_helmet":2,"minecraft:rotten_flesh":2,"soul_like_armors_reworked:rustysteel_boots":1,"minecraft:dirt":30,"minecraft:written_book":1,"minecraft:cyan_bed":1},"minecraft:crafted":{"minecraft:cooked_beef":1,"minecraft:cooked_porkchop":5,"minecraft:cooked_mutton":2,"minecraft:air":0,"minecraft:jungle_planks":4},"minecraft:picked_up":{"minecraft:cocoa_beans":12,"minecraft:feather":4,"minecraft:chicken":6,"minecraft:golden_carrot":1,"minecraft:jungle_log":17,"minecraft:leather":5,"minecraft:wooden_hoe":1,"minecraft:string":6,"minecraft:dirt":30,"soul_like_armors_reworked:rustysteel_chestplate":6,"minecraft:white_banner":4,"minecraft:name_tag":1,"minecraft:experience_bottle":1,"soul_like_armors_reworked:rustyshield":2,"minecraft:bone":28,"minecraft:beetroot":11,"minecraft:apple":13,"minecraft:wheat_seeds":8,"soul_like_armors_reworked:dagger":1,"weaponmaster:tutorialbook":1,"minecraft:beef":8,"quark:soul_bead":1,"soul_like_armors_reworked:dark_knight_helmet":2,"minecraft:dark_oak_sign":13,"soul_like_armors_reworked:rustysteel_boots":1,"minecraft:written_book":1,"minecraft:iron_sword":1,"minecraft:oak_planks":10,"minecraft:acacia_sapling":6,"minecraft:stick":2,"minecraft:pumpkin":18,"minecraft:torch":2,"epicfight:skillbook":2,"minecraft:porkchop":8,"minecraft:diorite":1,"minecraft:carrot":5,"minecraft:cyan_bed":3,"soul_like_armors_reworked:rustysteel_helmet":2,"minecraft:spider_eye":1,"soul_like_armors_reworked:estusflask":2,"minecraft:cactus":5,"minecraft:arrow":2,"soul_like_armors_reworked:dark_knight_boots":2,"minecraft:rotten_flesh":2,"bossominium:the_bossdexium":1,"minecraft:bread":7,"minecraft:gold_ingot":5,"minecraft:emerald":1,"minecraft:oak_sapling":1,"minecraft:mutton":11,"minecraft:white_wool":10},"minecraft:custom":{"minecraft:interact_with_smithing_table":1,"minecraft:interact_with_furnace":9,"minecraft:mob_kills":25,"minecraft:open_barrel":10,"minecraft:raid_trigger":1,"minecraft:leave_game":4,"minecraft:time_since_death":8195,"minecraft:sleep_in_bed":1,"minecraft:climb_one_cm":16574,"minecraft:time_since_rest":8327,"minecraft:sprint_one_cm":798963,"minecraft:damage_taken":1668,"minecraft:walk_one_cm":660833,"minecraft:drop":35,"minecraft:damage_dealt":2598,"minecraft:damage_dealt_absorbed":60,"minecraft:swim_one_cm":8980,"minecraft:fly_one_cm":227782,"minecraft:raid_win":1,"minecraft:open_chest":20,"minecraft:crouch_one_cm":71,"minecraft:play_time":85825,"minecraft:deaths":1,"minecraft:sneak_time":245,"minecraft:walk_under_water_one_cm":11388,"minecraft:jump":844,"minecraft:interact_with_blast_furnace":2,"minecraft:walk_on_water_one_cm":16894,"minecraft:total_world_time":85825,"minecraft:fall_one_cm":17424}},"DataVersion":3465}