{"stats":{"minecraft:killed":{"minecraft:pillager":2,"minecraft:zombie":1,"minecraft:pig":1,"minecraft:spider":2,"minecraft:cow":1},"minecraft:used":{"minecraft:beetroot":12,"minecraft:cooked_mutton":2,"soul_like_armors_reworked:dagger":35,"minecraft:stick":1,"minecraft:mutton":5,"minecraft:beef":7,"minecraft:porkchop":1,"minecraft:cooked_porkchop":5,"minecraft:carrot":1,"minecraft:cooked_beef":1},"minecraft:mined":{"minecraft:jungle_leaves":5,"minecraft:pumpkin":9,"minecraft:grass":37,"supplementaries:stick":1,"minecraft:vine":2,"minecraft:jungle_log":9,"minecraft:oak_leaves":6},"minecraft:dropped":{"minecraft:dirt":15,"soul_like_armors_reworked:rustysteel_helmet":2,"soul_like_armors_reworked:rustysteel_boots":1,"minecraft:written_book":1},"minecraft:crafted":{"minecraft:cooked_beef":1,"minecraft:cooked_porkchop":5,"minecraft:cooked_mutton":2,"minecraft:air":0,"minecraft:jungle_planks":4},"minecraft:picked_up":{"minecraft:cocoa_beans":6,"minecraft:stick":2,"minecraft:feather":4,"minecraft:chicken":3,"minecraft:pumpkin":9,"minecraft:jungle_log":9,"minecraft:leather":5,"minecraft:porkchop":8,"soul_like_armors_reworked:rustysteel_helmet":2,"soul_like_armors_reworked:rustysteel_chestplate":2,"minecraft:spider_eye":1,"minecraft:dirt":30,"minecraft:string":3,"minecraft:white_banner":1,"soul_like_armors_reworked:estusflask":2,"minecraft:arrow":2,"minecraft:bone":26,"soul_like_armors_reworked:rustyshield":1,"minecraft:rotten_flesh":1,"soul_like_armors_reworked:dark_knight_boots":1,"minecraft:wheat_seeds":4,"minecraft:beef":8,"soul_like_armors_reworked:dark_knight_helmet":1,"minecraft:written_book":1,"soul_like_armors_reworked:rustysteel_boots":1,"quark:soul_bead":1,"minecraft:oak_sapling":1,"minecraft:acacia_sapling":3,"minecraft:mutton":9,"minecraft:oak_planks":5,"minecraft:white_wool":5},"minecraft:custom":{"minecraft:time_since_rest":61825,"minecraft:interact_with_smithing_table":1,"minecraft:sprint_one_cm":530118,"minecraft:interact_with_furnace":9,"minecraft:damage_taken":1272,"minecraft:walk_one_cm":476609,"minecraft:mob_kills":20,"minecraft:drop":5,"minecraft:damage_dealt":1381,"minecraft:damage_dealt_absorbed":28,"minecraft:fly_one_cm":171623,"minecraft:open_barrel":8,"minecraft:open_chest":18,"minecraft:crouch_one_cm":71,"minecraft:play_time":61825,"minecraft:sneak_time":178,"minecraft:walk_under_water_one_cm":125,"minecraft:jump":616,"minecraft:interact_with_blast_furnace":2,"minecraft:leave_game":4,"minecraft:time_since_death":61825,"minecraft:walk_on_water_one_cm":4370,"minecraft:total_world_time":61825,"minecraft:climb_one_cm":15623,"minecraft:fall_one_cm":15201}},"DataVersion":3465}