{"stats":{"minecraft:killed":{"minecraft:cow":1},"minecraft:used":{"minecraft:beetroot":12,"minecraft:mutton":5,"minecraft:beef":2,"minecraft:porkchop":1},"minecraft:mined":{"minecraft:grass":1,"minecraft:vine":2,"minecraft:jungle_log":9,"minecraft:jungle_leaves":5},"minecraft:crafted":{"minecraft:jungle_planks":4},"minecraft:picked_up":{"minecraft:cocoa_beans":6,"minecraft:feather":2,"minecraft:chicken":1,"minecraft:jungle_log":9,"minecraft:leather":2,"minecraft:beef":2,"minecraft:porkchop":1,"minecraft:mutton":5,"minecraft:white_wool":3},"minecraft:custom":{"minecraft:open_barrel":3,"minecraft:time_since_rest":18900,"minecraft:open_chest":3,"minecraft:sprint_one_cm":131806,"minecraft:play_time":18900,"minecraft:damage_taken":200,"minecraft:walk_one_cm":165935,"minecraft:sneak_time":113,"minecraft:walk_under_water_one_cm":125,"minecraft:mob_kills":3,"minecraft:jump":216,"minecraft:damage_dealt":120,"minecraft:leave_game":1,"minecraft:walk_on_water_one_cm":4300,"minecraft:time_since_death":18900,"minecraft:climb_one_cm":8523,"minecraft:total_world_time":18900,"minecraft:fall_one_cm":4258,"minecraft:fly_one_cm":19909}},"DataVersion":3465}