{"stats":{"minecraft:killed":{"minecraft:zombie":1,"minecraft:spider":2,"minecraft:cow":1},"minecraft:used":{"minecraft:beetroot":12,"soul_like_armors_reworked:dagger":12,"minecraft:stick":1,"minecraft:mutton":5,"minecraft:beef":7,"minecraft:cooked_porkchop":3,"minecraft:porkchop":1,"minecraft:cooked_beef":1},"minecraft:mined":{"minecraft:jungle_leaves":5,"minecraft:pumpkin":9,"minecraft:grass":37,"supplementaries:stick":1,"minecraft:vine":2,"minecraft:jungle_log":9,"minecraft:oak_leaves":6},"minecraft:crafted":{"minecraft:cooked_beef":1,"minecraft:cooked_porkchop":5,"minecraft:cooked_mutton":2,"minecraft:air":0,"minecraft:jungle_planks":4},"minecraft:picked_up":{"minecraft:cocoa_beans":6,"minecraft:stick":2,"minecraft:chicken":3,"minecraft:feather":4,"minecraft:pumpkin":9,"minecraft:jungle_log":9,"minecraft:leather":5,"minecraft:porkchop":6,"minecraft:spider_eye":1,"minecraft:string":3,"soul_like_armors_reworked:dark_knight_boots":1,"minecraft:arrow":2,"minecraft:bone":26,"minecraft:rotten_flesh":1,"minecraft:wheat_seeds":4,"minecraft:beef":8,"minecraft:oak_sapling":1,"minecraft:acacia_sapling":3,"minecraft:mutton":9,"minecraft:white_wool":5},"minecraft:custom":{"minecraft:time_since_rest":44147,"minecraft:interact_with_furnace":9,"minecraft:sprint_one_cm":367343,"minecraft:damage_taken":891,"minecraft:walk_one_cm":355542,"minecraft:mob_kills":17,"minecraft:damage_dealt":594,"minecraft:damage_dealt_absorbed":6,"minecraft:fly_one_cm":106924,"minecraft:open_barrel":4,"minecraft:open_chest":9,"minecraft:crouch_one_cm":67,"minecraft:play_time":44147,"minecraft:sneak_time":162,"minecraft:walk_under_water_one_cm":125,"minecraft:jump":436,"minecraft:leave_game":3,"minecraft:walk_on_water_one_cm":4370,"minecraft:time_since_death":44147,"minecraft:climb_one_cm":8993,"minecraft:total_world_time":44147,"minecraft:fall_one_cm":11424}},"DataVersion":3465}