{"stats":{"minecraft:killed":{"minecraft:husk":1,"minecraft:pig":1,"minecraft:spider":2,"minecraft:skeleton":1,"minecraft:pillager":5,"minecraft:zombie":1,"minecraft:cow":1},"minecraft:used":{"minecraft:beetroot":12,"minecraft:cooked_mutton":2,"minecraft:stick":1,"minecraft:mutton":5,"minecraft:carrot":1,"soul_like_armors_reworked:dagger":69,"minecraft:bread":12,"minecraft:beef":7,"minecraft:porkchop":1,"minecraft:cooked_porkchop":5,"quark:oak_chest":2,"minecraft:cooked_beef":1},"minecraft:mined":{"minecraft:jungle_leaves":5,"minecraft:melon":1,"minecraft:jungle_log":9,"minecraft:cyan_bed":1,"minecraft:seagrass":1,"minecraft:tall_seagrass":11,"minecraft:cactus":5,"minecraft:pumpkin":9,"minecraft:grass":38,"supplementaries:stick":1,"minecraft:vine":2,"minecraft:bamboo":1,"minecraft:oak_leaves":6},"minecraft:killed_by":{"minecraft:vindicator":1},"minecraft:dropped":{"minecraft:wheat_seeds":8,"minecraft:dark_oak_sign":5,"weaponmaster:tutorialbook":1,"soul_like_armors_reworked:rustysteel_helmet":2,"minecraft:rotten_flesh":2,"soul_like_armors_reworked:rustysteel_boots":1,"minecraft:dirt":30,"minecraft:acacia_sapling":3,"minecraft:written_book":1,"minecraft:cyan_bed":1},"minecraft:crafted":{"minecraft:cooked_beef":1,"minecraft:cooked_porkchop":5,"minecraft:cooked_mutton":2,"minecraft:air":0,"minecraft:jungle_planks":4,"quark:oak_chest":2},"minecraft:picked_up":{"minecraft:cocoa_beans":12,"minecraft:feather":4,"minecraft:chicken":6,"minecraft:golden_carrot":1,"minecraft:jungle_log":17,"minecraft:leather":5,"minecraft:wooden_hoe":1,"minecraft:string":6,"minecraft:dirt":30,"soul_like_armors_reworked:rustysteel_chestplate":6,"minecraft:white_banner":4,"minecraft:name_tag":1,"minecraft:experience_bottle":1,"minecraft:bone":28,"soul_like_armors_reworked:rustyshield":2,"minecraft:apple":13,"minecraft:beetroot":11,"minecraft:wheat_seeds":8,"minecraft:beef":8,"quark:soul_bead":1,"minecraft:dark_oak_sign":13,"soul_like_armors_reworked:dark_knight_helmet":2,"soul_like_armors_reworked:rustysteel_boots":1,"weaponmaster:tutorialbook":2,"minecraft:written_book":1,"soul_like_armors_reworked:dagger":1,"minecraft:bamboo":13,"minecraft:melon_slice":6,"minecraft:acacia_sapling":6,"minecraft:iron_sword":1,"minecraft:oak_planks":10,"minecraft:stick":2,"minecraft:pumpkin":18,"minecraft:torch":2,"epicfight:skillbook":2,"minecraft:porkchop":8,"minecraft:diorite":1,"minecraft:cyan_bed":3,"minecraft:carrot":5,"soul_like_armors_reworked:rustysteel_helmet":2,"minecraft:spider_eye":1,"soul_like_armors_reworked:estusflask":2,"minecraft:arrow":2,"minecraft:cactus":5,"minecraft:rotten_flesh":2,"soul_like_armors_reworked:dark_knight_boots":2,"bossominium:the_bossdexium":1,"minecraft:emerald":1,"minecraft:gold_ingot":5,"minecraft:bread":7,"minecraft:oak_sapling":1,"minecraft:mutton":11,"minecraft:white_wool":10},"minecraft:custom":{"minecraft:interact_with_smithing_table":1,"minecraft:interact_with_furnace":9,"minecraft:mob_kills":25,"minecraft:interact_with_crafting_table":2,"minecraft:open_barrel":10,"minecraft:raid_trigger":1,"minecraft:leave_game":6,"minecraft:time_since_death":17658,"minecraft:sleep_in_bed":1,"minecraft:climb_one_cm":19890,"minecraft:time_since_rest":17790,"minecraft:sprint_one_cm":910886,"minecraft:damage_taken":1775,"minecraft:walk_one_cm":735624,"minecraft:drop":37,"minecraft:damage_dealt":2598,"minecraft:damage_dealt_absorbed":60,"minecraft:swim_one_cm":8980,"minecraft:fly_one_cm":251440,"minecraft:raid_win":1,"minecraft:open_chest":26,"minecraft:crouch_one_cm":71,"minecraft:play_time":95288,"minecraft:sneak_time":245,"minecraft:deaths":1,"minecraft:walk_under_water_one_cm":13728,"minecraft:jump":995,"minecraft:interact_with_blast_furnace":2,"minecraft:walk_on_water_one_cm":23238,"minecraft:total_world_time":95288,"minecraft:fall_one_cm":19037}},"DataVersion":3465}