{"stats":{"minecraft:killed":{"minecraft:cow":1},"minecraft:used":{"minecraft:beef":2},"minecraft:mined":{"minecraft:grass":1,"minecraft:vine":2,"minecraft:jungle_log":1},"minecraft:crafted":{"minecraft:jungle_planks":4},"minecraft:picked_up":{"minecraft:jungle_log":1,"minecraft:leather":2,"minecraft:beef":2},"minecraft:custom":{"minecraft:open_barrel":3,"minecraft:time_since_rest":9823,"minecraft:open_chest":3,"minecraft:play_time":9823,"minecraft:sprint_one_cm":57058,"minecraft:damage_taken":180,"minecraft:walk_one_cm":83426,"minecraft:sneak_time":113,"minecraft:walk_under_water_one_cm":125,"minecraft:mob_kills":1,"minecraft:jump":157,"minecraft:damage_dealt":100,"minecraft:leave_game":1,"minecraft:time_since_death":9823,"minecraft:walk_on_water_one_cm":4300,"minecraft:total_world_time":9823,"minecraft:climb_one_cm":7279,"minecraft:fall_one_cm":3854,"minecraft:fly_one_cm":11464}},"DataVersion":3465}