{"stats":{"minecraft:killed":{"minecraft:pillager":2,"minecraft:zombie":1,"minecraft:pig":1,"minecraft:spider":2,"minecraft:cow":1},"minecraft:used":{"minecraft:cooked_mutton":2,"minecraft:beetroot":12,"soul_like_armors_reworked:dagger":28,"minecraft:stick":1,"minecraft:mutton":5,"minecraft:beef":7,"minecraft:porkchop":1,"minecraft:cooked_porkchop":5,"minecraft:cooked_beef":1},"minecraft:mined":{"minecraft:jungle_leaves":5,"minecraft:pumpkin":9,"minecraft:grass":37,"supplementaries:stick":1,"minecraft:vine":2,"minecraft:jungle_log":9,"minecraft:oak_leaves":6},"minecraft:crafted":{"minecraft:cooked_beef":1,"minecraft:cooked_porkchop":5,"minecraft:cooked_mutton":2,"minecraft:air":0,"minecraft:jungle_planks":4},"minecraft:picked_up":{"minecraft:cocoa_beans":6,"minecraft:stick":2,"minecraft:feather":4,"minecraft:chicken":3,"minecraft:pumpkin":9,"minecraft:jungle_log":9,"minecraft:leather":5,"minecraft:porkchop":8,"soul_like_armors_reworked:rustysteel_chestplate":2,"minecraft:dirt":15,"minecraft:spider_eye":1,"minecraft:string":3,"minecraft:white_banner":1,"soul_like_armors_reworked:estusflask":2,"soul_like_armors_reworked:rustyshield":1,"minecraft:arrow":2,"minecraft:bone":26,"minecraft:rotten_flesh":1,"soul_like_armors_reworked:dark_knight_boots":1,"minecraft:wheat_seeds":4,"minecraft:beef":8,"soul_like_armors_reworked:dark_knight_helmet":1,"soul_like_armors_reworked:rustysteel_boots":1,"minecraft:oak_planks":5,"minecraft:oak_sapling":1,"minecraft:acacia_sapling":3,"minecraft:mutton":9,"minecraft:white_wool":5},"minecraft:custom":{"minecraft:interact_with_smithing_table":1,"minecraft:time_since_rest":52729,"minecraft:interact_with_furnace":9,"minecraft:sprint_one_cm":484634,"minecraft:damage_taken":1028,"minecraft:walk_one_cm":407851,"minecraft:mob_kills":20,"minecraft:damage_dealt":1174,"minecraft:damage_dealt_absorbed":21,"minecraft:fly_one_cm":168625,"minecraft:open_barrel":4,"minecraft:open_chest":12,"minecraft:crouch_one_cm":67,"minecraft:play_time":52729,"minecraft:sneak_time":162,"minecraft:walk_under_water_one_cm":125,"minecraft:jump":570,"minecraft:leave_game":3,"minecraft:time_since_death":52729,"minecraft:walk_on_water_one_cm":4370,"minecraft:climb_one_cm":8993,"minecraft:total_world_time":52729,"minecraft:fall_one_cm":13723}},"DataVersion":3465}