{"stats":{"minecraft:killed":{"minecraft:husk":1,"minecraft:pig":1,"minecraft:spider":2,"minecraft:skeleton":1,"minecraft:pillager":2,"minecraft:zombie":1,"minecraft:cow":1},"minecraft:used":{"minecraft:beetroot":12,"minecraft:cooked_mutton":2,"minecraft:stick":1,"minecraft:mutton":5,"minecraft:carrot":1,"soul_like_armors_reworked:dagger":44,"minecraft:bread":3,"minecraft:beef":7,"minecraft:cooked_porkchop":5,"minecraft:porkchop":1,"minecraft:cooked_beef":1},"minecraft:mined":{"minecraft:jungle_leaves":5,"minecraft:jungle_log":9,"minecraft:cyan_bed":1,"minecraft:pumpkin":9,"minecraft:grass":37,"supplementaries:stick":1,"minecraft:vine":2,"minecraft:oak_leaves":6},"minecraft:dropped":{"minecraft:wheat_seeds":8,"minecraft:dark_oak_sign":5,"soul_like_armors_reworked:rustysteel_helmet":2,"minecraft:rotten_flesh":2,"soul_like_armors_reworked:rustysteel_boots":1,"minecraft:dirt":30,"minecraft:written_book":1,"minecraft:cyan_bed":1},"minecraft:crafted":{"minecraft:cooked_beef":1,"minecraft:cooked_porkchop":5,"minecraft:cooked_mutton":2,"minecraft:air":0,"minecraft:jungle_planks":4},"minecraft:picked_up":{"minecraft:cocoa_beans":6,"minecraft:feather":4,"minecraft:chicken":3,"minecraft:jungle_log":9,"minecraft:leather":5,"minecraft:string":3,"minecraft:dirt":30,"soul_like_armors_reworked:rustysteel_chestplate":3,"minecraft:white_banner":1,"soul_like_armors_reworked:rustyshield":1,"minecraft:bone":28,"minecraft:wheat_seeds":8,"minecraft:beef":8,"quark:soul_bead":1,"soul_like_armors_reworked:dark_knight_helmet":1,"minecraft:dark_oak_sign":5,"soul_like_armors_reworked:rustysteel_boots":1,"minecraft:written_book":1,"minecraft:oak_planks":5,"minecraft:acacia_sapling":3,"minecraft:stick":2,"minecraft:pumpkin":9,"minecraft:torch":1,"minecraft:porkchop":8,"minecraft:cyan_bed":2,"soul_like_armors_reworked:rustysteel_helmet":2,"minecraft:spider_eye":1,"soul_like_armors_reworked:estusflask":2,"minecraft:arrow":2,"soul_like_armors_reworked:dark_knight_boots":1,"minecraft:rotten_flesh":2,"minecraft:oak_sapling":1,"minecraft:mutton":9,"minecraft:white_wool":5},"minecraft:custom":{"minecraft:interact_with_smithing_table":1,"minecraft:interact_with_furnace":9,"minecraft:mob_kills":22,"minecraft:open_barrel":10,"minecraft:leave_game":4,"minecraft:time_since_death":73825,"minecraft:climb_one_cm":16574,"minecraft:time_since_rest":73825,"minecraft:sprint_one_cm":635879,"minecraft:damage_taken":1383,"minecraft:walk_one_cm":581928,"minecraft:drop":35,"minecraft:damage_dealt":1638,"minecraft:damage_dealt_absorbed":37,"minecraft:fly_one_cm":192202,"minecraft:open_chest":19,"minecraft:crouch_one_cm":71,"minecraft:play_time":73825,"minecraft:sneak_time":215,"minecraft:walk_under_water_one_cm":1722,"minecraft:jump":712,"minecraft:interact_with_blast_furnace":2,"minecraft:walk_on_water_one_cm":7453,"minecraft:total_world_time":73825,"minecraft:fall_one_cm":15849}},"DataVersion":3465}