{"stats":{"minecraft:dropped":{"create:cogwheel":3,"minecraft:rose_bush":1,"minecraft:arrow":1,"minecraft:bone":1},"minecraft:crafted":{"minecraft:oak_planks":24,"minecraft:cooked_porkchop":4,"minecraft:crafting_table":1,"minecraft:jungle_boat":1,"minecraft:wooden_pickaxe":1,"quark:sturdy_stone":1,"minecraft:furnace":1,"epicfight:stone_greatsword":1,"minecraft:cooked_mutton":2,"minecraft:air":0,"minecraft:jungle_planks":16,"minecraft:iron_chestplate":1,"minecraft:cobblestone":9,"minecraft:stick":8,"minecraft:iron_ingot":9,"minecraft:iron_pickaxe":1,"minecraft:stone_pickaxe":1,"minecraft:iron_leggings":1,"minecraft:chest":1},"minecraft:used":{"quark:sturdy_stone":1,"minecraft:cooked_mutton":1,"epicfight:skillbook":1,"minecraft:water_bucket":2,"quark:indigo_corundum":1,"minecraft:end_rod":1,"minecraft:stone_pickaxe":13,"minecraft:redstone":1,"minecraft:chest":2,"minecraft:wooden_pickaxe":23,"soul_like_armors_reworked:estusflask":6,"minecraft:jungle_boat":1,"minecraft:torch":1,"minecraft:dirt":3,"minecraft:crafting_table":2,"minecraft:red_bed":1,"minecraft:jungle_planks":4,"minecraft:bread":6,"minecraft:iron_pickaxe":2,"minecraft:dark_oak_button":1,"epicfight:stone_greatsword":80,"minecraft:stone_axe":8,"minecraft:beef":1,"minecraft:furnace":1,"minecraft:cooked_porkchop":4,"minecraft:bucket":2,"minecraft:iron_leggings":1,"minecraft:experience_bottle":1},"minecraft:killed":{"irons_spellbooks:summoned_zombie":3,"irons_spellbooks:pyromancer":1,"minecraft:spider":2,"irons_spellbooks:necromancer":2,"minecraft:creeper":2,"minecraft:sheep":5,"minecraft:skeleton":5,"minecraft:zombie":7,"irons_spellbooks:summoned_skeleton":2,"minecraft:cow":7},"minecraft:custom":{"minecraft:interact_with_furnace":15,"minecraft:mob_kills":36,"minecraft:interact_with_anvil":1,"minecraft:interact_with_crafting_table":15,"minecraft:tune_noteblock":30,"minecraft:open_barrel":32,"minecraft:leave_game":1,"minecraft:time_since_death":68410,"minecraft:sleep_in_bed":4,"minecraft:climb_one_cm":16730,"minecraft:time_since_rest":17284,"minecraft:sprint_one_cm":171084,"minecraft:damage_taken":1340,"minecraft:walk_one_cm":643781,"minecraft:drop":4,"minecraft:damage_dealt":6709,"minecraft:play_noteblock":2,"minecraft:swim_one_cm":4299,"minecraft:fly_one_cm":51136,"minecraft:open_chest":30,"minecraft:crouch_one_cm":5583,"minecraft:play_time":68410,"minecraft:sneak_time":763,"minecraft:walk_under_water_one_cm":10560,"minecraft:interact_with_lectern":1,"minecraft:boat_one_cm":31770,"minecraft:jump":365,"minecraft:walk_on_water_one_cm":11906,"minecraft:total_world_time":68410,"minecraft:fall_one_cm":6831},"minecraft:picked_up":{"irons_spellbooks:scroll":1,"minecraft:charcoal":2,"minecraft:crafting_table":2,"minecraft:jungle_boat":1,"minecraft:dark_oak_button":1,"minecraft:leather":8,"minecraft:jungle_log":4,"irons_spellbooks:tarnished_helmet":1,"minecraft:brown_wool":1,"create:andesite_alloy":1,"minecraft:oak_log":6,"minecraft:gunpowder":2,"minecraft:dirt":28,"minecraft:string":3,"minecraft:red_bed":2,"irons_spellbooks:rare_ink":1,"minecraft:bone":6,"soul_like_armors_reworked:rustyshield":1,"quark:indigo_corundum":1,"irons_spellbooks:arcane_essence":10,"minecraft:bucket":1,"minecraft:beef":13,"minecraft:rose_bush":1,"soul_like_armors_reworked:rustysteel_boots":1,"minecraft:chest":1,"minecraft:furnace":1,"minecraft:raw_iron":5,"irons_spellbooks:legendary_ink":1,"create:cogwheel":3,"minecraft:torch":4,"epicfight:skillbook":1,"minecraft:jungle_planks":4,"irons_spellbooks:fire_rune":1,"minecraft:redstone":1,"minecraft:spider_eye":1,"soul_like_armors_reworked:estusflask":10,"quark:sturdy_stone":1,"minecraft:arrow":2,"minecraft:rotten_flesh":9,"minecraft:stone_axe":1,"minecraft:end_rod":1,"quark:indigo_corundum_cluster":1,"supplementaries:ash":1,"minecraft:black_wool":1,"minecraft:white_wool":2,"irons_spellbooks:uncommon_ink":1,"minecraft:mutton":6,"minecraft:coal":20,"minecraft:cobblestone":22},"minecraft:mined":{"minecraft:red_bed":2,"minecraft:jungle_leaves":1,"minecraft:crafting_table":2,"minecraft:grass_block":3,"minecraft:jungle_planks":4,"minecraft:chest":1,"minecraft:jungle_log":4,"minecraft:campfire":1,"minecraft:redstone_wire":1,"minecraft:tall_grass":1,"minecraft:furnace":1,"minecraft:iron_ore":5,"minecraft:grass":3,"minecraft:coal_ore":5,"minecraft:oak_log":6,"quark:sturdy_stone":1,"minecraft:vine":1,"minecraft:dark_oak_button":1,"minecraft:end_rod":1,"minecraft:dirt":21,"quark:indigo_corundum":1,"quark:indigo_corundum_cluster":1,"minecraft:stone":22}},"DataVersion":3465}