{"stats":{"minecraft:dropped":{"weaponmaster:tutorialbook":4,"minecraft:rotten_flesh":1,"bossominium:the_bossdexium":1,"minecraft:dirt":13,"minecraft:spruce_log":3},"minecraft:killed_by":{"minecraft:player":2,"minecraft:skeleton":1,"minecraft:zombie":4},"minecraft:crafted":{"minecraft:cooked_beef":1,"minecraft:oak_planks":8,"minecraft:wooden_shovel":1,"minecraft:crafting_table":1,"minecraft:spruce_planks":12,"minecraft:cooked_salmon":2,"epicfight:stone_greatsword":2,"irons_spellbooks:graybeard_staff":1,"minecraft:air":0,"minecraft:jungle_planks":4,"minecraft:shield":1,"minecraft:stick":20,"quark:oak_chest":1,"minecraft:iron_ingot":9,"minecraft:iron_pickaxe":1,"minecraft:torch":8},"minecraft:mined":{"quark:oak_chest":1,"minecraft:grass_block":2,"minecraft:spruce_fence":1,"minecraft:diorite":14,"minecraft:iron_ore":13,"minecraft:grass":1,"minecraft:oak_log":4,"minecraft:coal_ore":73,"minecraft:gravel":13,"minecraft:dirt":37,"minecraft:stone":268,"minecraft:oak_leaves":2},"minecraft:broken":{"minecraft:iron_pickaxe":1,"minecraft:stone_pickaxe":1},"minecraft:used":{"epicfight:skillbook":1,"minecraft:stone_pickaxe":131,"irons_spellbooks:tarnished_helmet":1,"soul_like_armors_reworked:estusflask":10,"minecraft:cooked_salmon":2,"minecraft:rotten_flesh":12,"minecraft:torch":6,"minecraft:dirt":2,"soul_like_armors_reworked:dagger":35,"minecraft:bread":3,"minecraft:iron_pickaxe":250,"minecraft:leather_helmet":2,"epicfight:stone_greatsword":41,"minecraft:cobblestone":1,"quark:oak_chest":2,"minecraft:cooked_beef":1},"minecraft:custom":{"minecraft:interact_with_furnace":13,"minecraft:mob_kills":11,"minecraft:interact_with_crafting_table":12,"minecraft:leave_game":4,"minecraft:time_since_death":45655,"minecraft:sleep_in_bed":4,"minecraft:climb_one_cm":11156,"minecraft:time_since_rest":45,"minecraft:sprint_one_cm":263057,"minecraft:damage_taken":3063,"minecraft:walk_one_cm":591934,"minecraft:drop":8,"minecraft:damage_dealt":2114,"minecraft:damage_dealt_absorbed":0,"minecraft:fly_one_cm":69681,"minecraft:player_kills":1,"minecraft:open_chest":49,"minecraft:crouch_one_cm":1127,"minecraft:play_time":71588,"minecraft:deaths":7,"minecraft:sneak_time":324,"minecraft:jump":544,"minecraft:total_world_time":71588,"minecraft:fall_one_cm":2537},"minecraft:picked_up":{"minecraft:birch_log":6,"irons_spellbooks:scroll":1,"minecraft:feather":3,"minecraft:leather":1,"minecraft:leather_leggings":1,"irons_spellbooks:tarnished_helmet":1,"minecraft:flint":1,"minecraft:oak_log":4,"minecraft:string":1,"minecraft:dirt":39,"soul_like_armors_reworked:rustyshield":1,"minecraft:bone":2,"irons_spellbooks:arcane_essence":4,"minecraft:beef":1,"weaponmaster:tutorialbook":9,"minecraft:stone_pickaxe":1,"soul_like_armors_reworked:dagger":2,"minecraft:egg":2,"minecraft:raw_iron":13,"epicfight:stone_greatsword":4,"minecraft:gravel":12,"epicfight:skillbook":1,"minecraft:spruce_fence":1,"minecraft:diorite":14,"minecraft:spruce_log":6,"quark:oak_chest":1,"minecraft:leather_helmet":2,"soul_like_armors_reworked:estusflask":12,"minecraft:arrow":1,"minecraft:rotten_flesh":16,"bossominium:the_bossdexium":4,"supplementaries:ash":1,"minecraft:oak_sapling":2,"minecraft:coal":73,"minecraft:cobblestone":266},"minecraft:killed":{"minecraft:spider":1,"irons_spellbooks:necromancer":1,"minecraft:zombie":9}},"DataVersion":3465}