{"stats":{"minecraft:dropped":{"minecraft:rose_bush":1},"minecraft:crafted":{"minecraft:oak_planks":24,"minecraft:cooked_porkchop":4,"minecraft:crafting_table":1,"minecraft:jungle_boat":1,"minecraft:wooden_pickaxe":1,"quark:sturdy_stone":1,"minecraft:furnace":1,"epicfight:stone_greatsword":1,"minecraft:air":0,"minecraft:jungle_planks":16,"minecraft:iron_chestplate":1,"minecraft:cobblestone":9,"minecraft:stick":8,"minecraft:iron_ingot":5,"minecraft:iron_pickaxe":1,"minecraft:stone_pickaxe":1,"minecraft:chest":1},"minecraft:used":{"quark:sturdy_stone":1,"quark:indigo_corundum":1,"minecraft:end_rod":1,"minecraft:stone_pickaxe":13,"minecraft:redstone":1,"minecraft:chest":2,"minecraft:wooden_pickaxe":23,"soul_like_armors_reworked:estusflask":2,"minecraft:jungle_boat":1,"minecraft:torch":1,"minecraft:crafting_table":1,"minecraft:red_bed":1,"minecraft:jungle_planks":4,"minecraft:bread":6,"minecraft:iron_pickaxe":1,"minecraft:dark_oak_button":1,"epicfight:stone_greatsword":30,"minecraft:stone_axe":6,"minecraft:furnace":1,"minecraft:cooked_porkchop":1,"minecraft:experience_bottle":1},"minecraft:killed":{"irons_spellbooks:summoned_zombie":3,"minecraft:spider":1,"irons_spellbooks:necromancer":1,"minecraft:skeleton":1,"minecraft:zombie":3,"irons_spellbooks:summoned_skeleton":2},"minecraft:custom":{"minecraft:interact_with_furnace":10,"minecraft:mob_kills":11,"minecraft:interact_with_anvil":1,"minecraft:interact_with_crafting_table":12,"minecraft:tune_noteblock":30,"minecraft:open_barrel":11,"minecraft:leave_game":1,"minecraft:time_since_death":44410,"minecraft:sleep_in_bed":3,"minecraft:climb_one_cm":14424,"minecraft:time_since_rest":23487,"minecraft:sprint_one_cm":90800,"minecraft:damage_taken":387,"minecraft:walk_one_cm":323991,"minecraft:drop":1,"minecraft:damage_dealt":2253,"minecraft:play_noteblock":2,"minecraft:swim_one_cm":3509,"minecraft:fly_one_cm":42418,"minecraft:open_chest":21,"minecraft:crouch_one_cm":4113,"minecraft:play_time":44410,"minecraft:sneak_time":487,"minecraft:walk_under_water_one_cm":9785,"minecraft:interact_with_lectern":1,"minecraft:boat_one_cm":31770,"minecraft:jump":237,"minecraft:walk_on_water_one_cm":9298,"minecraft:total_world_time":44410,"minecraft:fall_one_cm":3961},"minecraft:picked_up":{"minecraft:jungle_boat":1,"minecraft:dark_oak_button":1,"minecraft:jungle_log":4,"irons_spellbooks:tarnished_helmet":1,"minecraft:oak_log":6,"minecraft:dirt":28,"minecraft:string":2,"minecraft:red_bed":1,"soul_like_armors_reworked:rustyshield":1,"quark:indigo_corundum":1,"irons_spellbooks:arcane_essence":4,"minecraft:rose_bush":1,"soul_like_armors_reworked:rustysteel_boots":1,"minecraft:chest":1,"minecraft:raw_iron":5,"minecraft:torch":4,"minecraft:jungle_planks":4,"minecraft:redstone":1,"minecraft:spider_eye":1,"soul_like_armors_reworked:estusflask":2,"quark:sturdy_stone":1,"minecraft:arrow":1,"minecraft:rotten_flesh":3,"minecraft:stone_axe":1,"minecraft:end_rod":1,"quark:indigo_corundum_cluster":1,"supplementaries:ash":1,"minecraft:coal":20,"minecraft:cobblestone":22},"minecraft:mined":{"minecraft:red_bed":1,"minecraft:jungle_leaves":1,"minecraft:grass_block":3,"minecraft:jungle_planks":4,"minecraft:chest":1,"minecraft:jungle_log":4,"minecraft:redstone_wire":1,"minecraft:tall_grass":1,"minecraft:iron_ore":5,"minecraft:grass":3,"minecraft:coal_ore":5,"minecraft:oak_log":6,"quark:sturdy_stone":1,"minecraft:vine":1,"minecraft:dark_oak_button":1,"minecraft:end_rod":1,"minecraft:dirt":21,"quark:indigo_corundum":1,"quark:indigo_corundum_cluster":1,"minecraft:stone":22}},"DataVersion":3465}