{"stats":{"minecraft:killed_by":{"minecraft:zombie":2},"minecraft:used":{"minecraft:rotten_flesh":2,"soul_like_armors_reworked:dagger":35,"soul_like_armors_reworked:estusflask":5},"minecraft:picked_up":{"soul_like_armors_reworked:estusflask":2,"minecraft:rotten_flesh":2,"bossominium:the_bossdexium":2,"weaponmaster:tutorialbook":1,"soul_like_armors_reworked:dagger":1},"minecraft:custom":{"minecraft:time_since_rest":325,"minecraft:open_chest":2,"minecraft:crouch_one_cm":101,"minecraft:sprint_one_cm":20404,"minecraft:interact_with_furnace":1,"minecraft:play_time":9412,"minecraft:walk_one_cm":141588,"minecraft:damage_taken":806,"minecraft:deaths":2,"minecraft:sneak_time":7,"minecraft:mob_kills":2,"minecraft:jump":46,"minecraft:damage_dealt":163,"minecraft:leave_game":2,"minecraft:time_since_death":189,"minecraft:total_world_time":9412,"minecraft:climb_one_cm":940,"minecraft:damage_dealt_absorbed":0,"minecraft:fly_one_cm":4803,"minecraft:fall_one_cm":954},"minecraft:killed":{"minecraft:zombie":2}},"DataVersion":3465}