{"stats":{"minecraft:killed":{"irons_spellbooks:summoned_zombie":3,"irons_spellbooks:pyromancer":1,"minecraft:spider":7,"minecraft:skeleton":6,"irons_spellbooks:summoned_skeleton":2,"minecraft:husk":2,"minecraft:pig":5,"irons_spellbooks:necromancer":2,"minecraft:creeper":5,"minecraft:sheep":6,"minecraft:zombie":16,"minecraft:cow":11},"minecraft:used":{"quark:sturdy_stone":1,"quark:indigo_corundum":1,"minecraft:redstone":1,"minecraft:chest":2,"soul_like_armors_reworked:estusflask":10,"minecraft:rotten_flesh":4,"minecraft:oak_door":1,"minecraft:torch":1,"minecraft:dirt":4,"minecraft:jungle_planks":4,"minecraft:dark_oak_button":1,"epicfight:stone_greatsword":141,"minecraft:beef":7,"minecraft:furnace":2,"minecraft:iron_leggings":1,"minecraft:cooked_mutton":1,"epicfight:skillbook":2,"minecraft:water_bucket":2,"minecraft:end_rod":1,"minecraft:stone_pickaxe":13,"minecraft:oak_planks":43,"minecraft:wooden_pickaxe":23,"minecraft:jungle_boat":1,"minecraft:crafting_table":3,"minecraft:red_bed":2,"minecraft:bread":6,"minecraft:iron_pickaxe":11,"minecraft:stone_axe":27,"minecraft:cooked_porkchop":4,"minecraft:porkchop":5,"minecraft:bucket":2,"quark:oak_chest":1,"minecraft:experience_bottle":1},"minecraft:broken":{"minecraft:leather_helmet":1,"minecraft:stone_axe":1,"epicfight:stone_greatsword":1},"minecraft:mined":{"minecraft:jungle_leaves":1,"minecraft:grass_block":4,"minecraft:jungle_planks":4,"minecraft:jungle_log":4,"minecraft:redstone_wire":1,"minecraft:moss_block":1,"minecraft:mossy_cobblestone_slab":1,"minecraft:furnace":1,"minecraft:iron_ore":5,"minecraft:moss_carpet":5,"quark:sturdy_stone":1,"minecraft:vine":1,"quark:indigo_corundum":1,"minecraft:stone":22,"minecraft:red_bed":2,"minecraft:stone_brick_slab":2,"minecraft:crafting_table":2,"minecraft:chest":1,"minecraft:campfire":1,"minecraft:tall_grass":1,"minecraft:oak_planks":3,"minecraft:stone_brick_stairs":2,"minecraft:grass":34,"minecraft:oak_log":17,"minecraft:coal_ore":5,"minecraft:dark_oak_button":1,"minecraft:end_rod":1,"minecraft:dirt":21,"quark:indigo_corundum_cluster":1,"minecraft:stone_bricks":2,"minecraft:mossy_stone_bricks":2},"minecraft:dropped":{"minecraft:moss_block":2,"soul_like_armors_reworked:rustysteelmace":1,"create:cogwheel":3,"soul_like_armors_reworked:rustysteel_boots":1,"minecraft:rose_bush":1,"minecraft:bone":1,"minecraft:arrow":1},"minecraft:crafted":{"minecraft:oak_door":3,"minecraft:oak_planks":64,"quark:sturdy_stone":1,"minecraft:furnace":1,"minecraft:cooked_mutton":2,"minecraft:stone_pickaxe":1,"minecraft:chest":1,"minecraft:cooked_beef":9,"minecraft:cooked_porkchop":4,"minecraft:crafting_table":1,"minecraft:jungle_boat":1,"minecraft:wooden_pickaxe":1,"epicfight:stone_greatsword":2,"minecraft:air":0,"minecraft:jungle_planks":16,"minecraft:iron_chestplate":1,"minecraft:cobblestone":9,"minecraft:stick":8,"quark:oak_chest":1,"minecraft:iron_ingot":9,"minecraft:iron_pickaxe":1,"minecraft:iron_leggings":1},"minecraft:picked_up":{"irons_spellbooks:scroll":1,"minecraft:charcoal":2,"minecraft:crafting_table":2,"irons_spellbooks:tarnished_helmet":1,"minecraft:stone_brick_stairs":2,"minecraft:moss_carpet":6,"minecraft:string":7,"minecraft:red_bed":2,"quark:indigo_corundum":1,"irons_spellbooks:arcane_essence":10,"minecraft:bucket":1,"minecraft:beef":20,"minecraft:rose_bush":1,"minecraft:chest":1,"minecraft:birch_sapling":1,"minecraft:furnace":1,"minecraft:raw_iron":5,"minecraft:torch":4,"epicfight:skillbook":2,"minecraft:porkchop":8,"irons_spellbooks:fire_rune":1,"minecraft:redstone":1,"soul_like_armors_reworked:estusflask":10,"minecraft:rotten_flesh":20,"minecraft:arrow":4,"quark:sturdy_stone":1,"minecraft:end_rod":1,"quark:indigo_corundum_cluster":1,"supplementaries:ash":3,"minecraft:mutton":8,"minecraft:white_wool":3,"minecraft:cobblestone":22,"minecraft:dark_oak_button":1,"minecraft:jungle_boat":1,"minecraft:cooked_beef":4,"minecraft:jungle_log":4,"minecraft:brown_wool":1,"minecraft:leather":13,"minecraft:oak_log":17,"create:andesite_alloy":1,"minecraft:gunpowder":6,"minecraft:dirt":58,"irons_spellbooks:rare_ink":1,"minecraft:cooked_mutton":6,"minecraft:bone":7,"soul_like_armors_reworked:rustyshield":1,"minecraft:stone_bricks":2,"soul_like_armors_reworked:rustysteel_boots":1,"minecraft:mossy_stone_bricks":2,"minecraft:moss_block":3,"minecraft:oak_planks":3,"irons_spellbooks:legendary_ink":1,"create:cogwheel":3,"minecraft:stone_brick_slab":2,"minecraft:jungle_planks":4,"soul_like_armors_reworked:rustysteelmace":1,"minecraft:spider_eye":3,"soul_like_armors_reworked:dark_knight_boots":1,"minecraft:stone_axe":1,"minecraft:gray_wool":1,"minecraft:black_wool":1,"irons_spellbooks:uncommon_ink":1,"minecraft:coal":20},"minecraft:custom":{"minecraft:mob_kills":67,"minecraft:interact_with_anvil":1,"minecraft:interact_with_crafting_table":20,"minecraft:open_barrel":37,"minecraft:interact_with_campfire":10,"minecraft:leave_game":2,"minecraft:time_since_death":97716,"minecraft:climb_one_cm":16730,"minecraft:sprint_one_cm":198615,"minecraft:walk_one_cm":1083083,"minecraft:drop":8,"minecraft:play_noteblock":2,"minecraft:damage_dealt_absorbed":27,"minecraft:play_time":97716,"minecraft:sneak_time":916,"minecraft:walk_under_water_one_cm":10560,"minecraft:boat_one_cm":31770,"minecraft:interact_with_lectern":1,"minecraft:jump":485,"minecraft:walk_on_water_one_cm":11934,"minecraft:total_world_time":97716,"minecraft:interact_with_furnace":20,"minecraft:tune_noteblock":30,"minecraft:sleep_in_bed":5,"minecraft:time_since_rest":9679,"minecraft:damage_taken":2080,"minecraft:damage_dealt":11977,"minecraft:swim_one_cm":4299,"minecraft:fly_one_cm":69035,"minecraft:open_chest":54,"minecraft:crouch_one_cm":6633,"minecraft:fall_one_cm":7435}},"DataVersion":3465}