{"stats":{"minecraft:dropped":{"minecraft:rose_bush":1},"minecraft:crafted":{"minecraft:iron_chestplate":1,"minecraft:stick":8,"minecraft:iron_pickaxe":1,"minecraft:iron_ingot":5,"minecraft:wooden_pickaxe":1,"minecraft:stone_pickaxe":1,"epicfight:stone_greatsword":1,"minecraft:air":0,"minecraft:jungle_planks":16},"minecraft:used":{"quark:indigo_corundum":1,"minecraft:end_rod":1,"minecraft:redstone":1,"minecraft:bread":6,"minecraft:stone_pickaxe":13,"minecraft:wooden_pickaxe":23,"minecraft:dark_oak_button":1,"soul_like_armors_reworked:estusflask":2,"epicfight:stone_greatsword":30,"minecraft:torch":1,"minecraft:jungle_planks":4,"minecraft:experience_bottle":1},"minecraft:killed":{"minecraft:skeleton":1,"minecraft:zombie":3,"irons_spellbooks:summoned_zombie":3,"minecraft:spider":1,"irons_spellbooks:summoned_skeleton":2,"irons_spellbooks:necromancer":1},"minecraft:custom":{"minecraft:time_since_rest":11487,"minecraft:interact_with_furnace":7,"minecraft:sprint_one_cm":60722,"minecraft:damage_taken":387,"minecraft:walk_one_cm":217738,"minecraft:interact_with_anvil":1,"minecraft:mob_kills":11,"minecraft:drop":1,"minecraft:damage_dealt":2253,"minecraft:play_noteblock":2,"minecraft:tune_noteblock":30,"minecraft:swim_one_cm":3509,"minecraft:interact_with_crafting_table":8,"minecraft:fly_one_cm":34076,"minecraft:open_chest":13,"minecraft:crouch_one_cm":3534,"minecraft:play_time":32410,"minecraft:sneak_time":411,"minecraft:walk_under_water_one_cm":9785,"minecraft:jump":180,"minecraft:leave_game":1,"minecraft:time_since_death":32410,"minecraft:walk_on_water_one_cm":9298,"minecraft:sleep_in_bed":3,"minecraft:total_world_time":32410,"minecraft:climb_one_cm":6069,"minecraft:fall_one_cm":3692},"minecraft:picked_up":{"minecraft:raw_iron":5,"minecraft:dark_oak_button":1,"minecraft:jungle_log":4,"irons_spellbooks:tarnished_helmet":1,"minecraft:torch":4,"minecraft:jungle_planks":4,"minecraft:redstone":1,"minecraft:spider_eye":1,"minecraft:string":2,"minecraft:dirt":4,"soul_like_armors_reworked:estusflask":2,"minecraft:rotten_flesh":3,"minecraft:arrow":1,"soul_like_armors_reworked:rustyshield":1,"quark:indigo_corundum":1,"minecraft:stone_axe":1,"irons_spellbooks:arcane_essence":4,"minecraft:end_rod":1,"minecraft:rose_bush":1,"soul_like_armors_reworked:rustysteel_boots":1,"quark:indigo_corundum_cluster":1,"supplementaries:ash":1,"minecraft:coal":20,"minecraft:cobblestone":22},"minecraft:mined":{"minecraft:iron_ore":5,"minecraft:jungle_leaves":1,"minecraft:grass":1,"minecraft:dark_oak_button":1,"minecraft:coal_ore":5,"minecraft:jungle_planks":4,"minecraft:vine":1,"minecraft:jungle_log":4,"minecraft:end_rod":1,"minecraft:redstone_wire":1,"quark:indigo_corundum":1,"minecraft:tall_grass":1,"quark:indigo_corundum_cluster":1,"minecraft:stone":22}},"DataVersion":3465}