{"stats":{"minecraft:dropped":{"weaponmaster:tutorialbook":4,"minecraft:rotten_flesh":1,"bossominium:the_bossdexium":1,"minecraft:dirt":13,"minecraft:spruce_log":3},"minecraft:killed_by":{"minecraft:player":2,"minecraft:skeleton":1,"minecraft:zombie":4},"minecraft:crafted":{"minecraft:cooked_beef":1,"minecraft:wooden_shovel":1,"minecraft:crafting_table":1,"minecraft:spruce_planks":12,"minecraft:cooked_salmon":2,"epicfight:stone_greatsword":2,"irons_spellbooks:graybeard_staff":1,"minecraft:air":0,"minecraft:jungle_planks":4,"minecraft:shield":1,"minecraft:stick":16,"minecraft:iron_ingot":2,"minecraft:torch":4},"minecraft:mined":{"minecraft:grass_block":2,"minecraft:spruce_fence":1,"minecraft:iron_ore":9,"minecraft:grass":1,"minecraft:oak_log":4,"minecraft:coal_ore":22,"minecraft:dirt":11,"minecraft:stone":37,"minecraft:oak_leaves":2},"minecraft:used":{"epicfight:skillbook":1,"minecraft:stone_pickaxe":68,"irons_spellbooks:tarnished_helmet":1,"soul_like_armors_reworked:estusflask":10,"minecraft:cooked_salmon":2,"minecraft:rotten_flesh":12,"minecraft:torch":2,"soul_like_armors_reworked:dagger":35,"minecraft:bread":3,"minecraft:leather_helmet":2,"epicfight:stone_greatsword":40,"minecraft:cooked_beef":1},"minecraft:custom":{"minecraft:interact_with_furnace":12,"minecraft:mob_kills":11,"minecraft:interact_with_crafting_table":10,"minecraft:leave_game":3,"minecraft:time_since_death":29711,"minecraft:sleep_in_bed":3,"minecraft:climb_one_cm":8340,"minecraft:time_since_rest":20326,"minecraft:sprint_one_cm":262170,"minecraft:damage_taken":3063,"minecraft:walk_one_cm":529959,"minecraft:drop":8,"minecraft:damage_dealt":2114,"minecraft:damage_dealt_absorbed":0,"minecraft:fly_one_cm":69569,"minecraft:player_kills":1,"minecraft:open_chest":42,"minecraft:crouch_one_cm":1127,"minecraft:play_time":55644,"minecraft:deaths":7,"minecraft:sneak_time":324,"minecraft:jump":326,"minecraft:total_world_time":55644,"minecraft:fall_one_cm":2537},"minecraft:picked_up":{"minecraft:birch_log":6,"irons_spellbooks:scroll":1,"minecraft:feather":3,"minecraft:leather":1,"minecraft:leather_leggings":1,"irons_spellbooks:tarnished_helmet":1,"minecraft:oak_log":4,"minecraft:string":1,"minecraft:dirt":13,"soul_like_armors_reworked:rustyshield":1,"minecraft:bone":2,"irons_spellbooks:arcane_essence":4,"minecraft:beef":1,"weaponmaster:tutorialbook":9,"minecraft:stone_pickaxe":1,"soul_like_armors_reworked:dagger":2,"minecraft:egg":2,"minecraft:raw_iron":9,"epicfight:stone_greatsword":4,"epicfight:skillbook":1,"minecraft:spruce_fence":1,"minecraft:spruce_log":6,"minecraft:leather_helmet":2,"soul_like_armors_reworked:estusflask":12,"minecraft:arrow":1,"minecraft:rotten_flesh":16,"bossominium:the_bossdexium":4,"supplementaries:ash":1,"minecraft:oak_sapling":2,"minecraft:coal":22,"minecraft:cobblestone":35},"minecraft:killed":{"minecraft:spider":1,"irons_spellbooks:necromancer":1,"minecraft:zombie":9}},"DataVersion":3465}