{"stats":{"minecraft:killed_by":{"minecraft:player":2,"minecraft:skeleton":1,"minecraft:zombie":4},"minecraft:dropped":{"minecraft:dirt":13,"weaponmaster:tutorialbook":4,"minecraft:rotten_flesh":1,"minecraft:spruce_log":3},"minecraft:crafted":{"minecraft:cooked_beef":1,"minecraft:wooden_shovel":1,"minecraft:crafting_table":1,"minecraft:stick":16,"minecraft:iron_ingot":2,"minecraft:cooked_salmon":2,"epicfight:stone_greatsword":2,"minecraft:torch":4,"irons_spellbooks:graybeard_staff":1,"minecraft:air":0,"minecraft:jungle_planks":4},"minecraft:mined":{"minecraft:iron_ore":9,"minecraft:grass":1,"minecraft:coal_ore":22,"minecraft:grass_block":2,"minecraft:spruce_fence":1,"minecraft:oak_log":4,"minecraft:dirt":11,"minecraft:stone":37,"minecraft:oak_leaves":2},"minecraft:used":{"epicfight:skillbook":1,"soul_like_armors_reworked:dagger":35,"minecraft:stone_pickaxe":68,"minecraft:bread":3,"minecraft:leather_helmet":2,"irons_spellbooks:tarnished_helmet":1,"minecraft:cooked_salmon":2,"soul_like_armors_reworked:estusflask":7,"epicfight:stone_greatsword":36,"minecraft:rotten_flesh":11,"minecraft:cooked_beef":1},"minecraft:picked_up":{"irons_spellbooks:scroll":1,"minecraft:raw_iron":9,"minecraft:feather":3,"epicfight:stone_greatsword":4,"irons_spellbooks:tarnished_helmet":1,"minecraft:leather":1,"minecraft:spruce_fence":1,"epicfight:skillbook":1,"minecraft:oak_log":4,"minecraft:spruce_log":6,"minecraft:dirt":13,"minecraft:string":1,"minecraft:leather_helmet":2,"soul_like_armors_reworked:estusflask":7,"minecraft:rotten_flesh":13,"irons_spellbooks:arcane_essence":4,"bossominium:the_bossdexium":2,"minecraft:beef":1,"minecraft:stone_pickaxe":1,"weaponmaster:tutorialbook":6,"soul_like_armors_reworked:dagger":1,"supplementaries:ash":1,"minecraft:oak_sapling":2,"minecraft:coal":22,"minecraft:cobblestone":35,"minecraft:egg":2},"minecraft:custom":{"minecraft:time_since_rest":8326,"minecraft:sprint_one_cm":218090,"minecraft:interact_with_furnace":11,"minecraft:damage_taken":2728,"minecraft:walk_one_cm":463892,"minecraft:mob_kills":10,"minecraft:drop":7,"minecraft:damage_dealt":1862,"minecraft:damage_dealt_absorbed":0,"minecraft:interact_with_crafting_table":7,"minecraft:fly_one_cm":57514,"minecraft:play_time":43644,"minecraft:open_chest":38,"minecraft:crouch_one_cm":1055,"minecraft:deaths":7,"minecraft:sneak_time":318,"minecraft:jump":290,"minecraft:leave_game":3,"minecraft:time_since_death":17711,"minecraft:sleep_in_bed":3,"minecraft:total_world_time":43644,"minecraft:climb_one_cm":8340,"minecraft:fall_one_cm":2328},"minecraft:killed":{"minecraft:zombie":8,"minecraft:spider":1,"irons_spellbooks:necromancer":1}},"DataVersion":3465}