{"stats":{"minecraft:crafted":{"minecraft:stick":4,"minecraft:wooden_pickaxe":1,"minecraft:jungle_planks":12},"minecraft:used":{"minecraft:torch":1,"minecraft:jungle_planks":4},"minecraft:custom":{"minecraft:time_since_rest":2358,"minecraft:open_chest":1,"minecraft:crouch_one_cm":500,"minecraft:play_time":8410,"minecraft:sprint_one_cm":9210,"minecraft:damage_taken":190,"minecraft:walk_one_cm":44573,"minecraft:sneak_time":96,"minecraft:jump":22,"minecraft:damage_dealt":30,"minecraft:leave_game":1,"minecraft:time_since_death":8410,"minecraft:sleep_in_bed":2,"minecraft:climb_one_cm":801,"minecraft:total_world_time":8410,"minecraft:interact_with_crafting_table":1,"minecraft:fall_one_cm":418,"minecraft:fly_one_cm":3036},"minecraft:picked_up":{"minecraft:jungle_log":4,"minecraft:torch":4,"minecraft:dirt":4,"minecraft:coal":15},"minecraft:mined":{"minecraft:grass":1,"minecraft:vine":1,"minecraft:jungle_log":4,"minecraft:tall_grass":1,"minecraft:jungle_leaves":1}},"DataVersion":3465}