{"stats":{"minecraft:killed_by":{"minecraft:player":1,"minecraft:zombie":4},"minecraft:dropped":{"minecraft:dirt":13,"weaponmaster:tutorialbook":3,"minecraft:spruce_log":3},"minecraft:crafted":{"minecraft:crafting_table":1,"epicfight:stone_greatsword":2,"minecraft:jungle_planks":4},"minecraft:mined":{"minecraft:grass":1,"minecraft:grass_block":2,"minecraft:coal_ore":8,"minecraft:dirt":11,"minecraft:stone":13},"minecraft:used":{"soul_like_armors_reworked:dagger":35,"minecraft:stone_pickaxe":21,"soul_like_armors_reworked:estusflask":5,"epicfight:stone_greatsword":4,"minecraft:rotten_flesh":3},"minecraft:picked_up":{"epicfight:stone_greatsword":2,"minecraft:leather":1,"minecraft:spruce_log":6,"minecraft:dirt":13,"soul_like_armors_reworked:estusflask":2,"minecraft:rotten_flesh":3,"bossominium:the_bossdexium":2,"minecraft:beef":1,"weaponmaster:tutorialbook":2,"soul_like_armors_reworked:dagger":1,"minecraft:coal":8,"minecraft:cobblestone":13,"minecraft:egg":2},"minecraft:custom":{"minecraft:time_since_rest":2188,"minecraft:interact_with_furnace":3,"minecraft:sprint_one_cm":86547,"minecraft:damage_taken":1578,"minecraft:walk_one_cm":234338,"minecraft:mob_kills":3,"minecraft:drop":5,"minecraft:damage_dealt":387,"minecraft:damage_dealt_absorbed":0,"minecraft:interact_with_crafting_table":3,"minecraft:fly_one_cm":21493,"minecraft:open_chest":13,"minecraft:crouch_one_cm":342,"minecraft:play_time":20021,"minecraft:deaths":5,"minecraft:sneak_time":42,"minecraft:jump":109,"minecraft:leave_game":2,"minecraft:time_since_death":2055,"minecraft:sleep_in_bed":1,"minecraft:total_world_time":20021,"minecraft:climb_one_cm":3666,"minecraft:fall_one_cm":954},"minecraft:killed":{"minecraft:zombie":3}},"DataVersion":3465}