{"stats":{"minecraft:killed_by":{"minecraft:player":2,"minecraft:skeleton":1,"minecraft:zombie":4},"minecraft:dropped":{"minecraft:dirt":13,"weaponmaster:tutorialbook":4,"minecraft:rotten_flesh":1,"minecraft:spruce_log":3},"minecraft:crafted":{"minecraft:cooked_beef":1,"minecraft:crafting_table":1,"epicfight:stone_greatsword":2,"minecraft:air":0,"minecraft:jungle_planks":4},"minecraft:mined":{"minecraft:grass":1,"minecraft:spruce_fence":1,"minecraft:oak_log":4,"minecraft:grass_block":2,"minecraft:coal_ore":14,"minecraft:dirt":11,"minecraft:stone":20,"minecraft:oak_leaves":2},"minecraft:used":{"epicfight:skillbook":1,"soul_like_armors_reworked:dagger":35,"minecraft:bread":3,"minecraft:stone_pickaxe":34,"minecraft:leather_helmet":1,"soul_like_armors_reworked:estusflask":7,"epicfight:stone_greatsword":28,"minecraft:rotten_flesh":9,"minecraft:cooked_beef":1},"minecraft:picked_up":{"minecraft:feather":3,"epicfight:stone_greatsword":4,"minecraft:leather":1,"epicfight:skillbook":1,"minecraft:spruce_fence":1,"minecraft:oak_log":4,"minecraft:spruce_log":6,"minecraft:dirt":13,"minecraft:leather_helmet":2,"soul_like_armors_reworked:estusflask":7,"minecraft:rotten_flesh":11,"bossominium:the_bossdexium":2,"minecraft:beef":1,"minecraft:stone_pickaxe":1,"weaponmaster:tutorialbook":6,"supplementaries:ash":1,"soul_like_armors_reworked:dagger":1,"minecraft:oak_sapling":2,"minecraft:coal":14,"minecraft:cobblestone":19,"minecraft:egg":2},"minecraft:custom":{"minecraft:time_since_rest":6226,"minecraft:interact_with_furnace":7,"minecraft:sprint_one_cm":171949,"minecraft:damage_taken":2555,"minecraft:walk_one_cm":364903,"minecraft:mob_kills":7,"minecraft:drop":7,"minecraft:damage_dealt":1149,"minecraft:damage_dealt_absorbed":0,"minecraft:interact_with_crafting_table":4,"minecraft:fly_one_cm":42715,"minecraft:open_chest":24,"minecraft:crouch_one_cm":710,"minecraft:play_time":32021,"minecraft:deaths":7,"minecraft:sneak_time":274,"minecraft:jump":215,"minecraft:leave_game":2,"minecraft:time_since_death":6088,"minecraft:sleep_in_bed":1,"minecraft:total_world_time":32021,"minecraft:climb_one_cm":5834,"minecraft:fall_one_cm":1641},"minecraft:killed":{"minecraft:zombie":7}},"DataVersion":3465}