{"stats":{"minecraft:dropped":{"minecraft:rose_bush":1},"minecraft:crafted":{"minecraft:iron_chestplate":1,"minecraft:stick":4,"minecraft:wooden_pickaxe":1,"minecraft:stone_pickaxe":1,"epicfight:stone_greatsword":1,"minecraft:jungle_planks":12},"minecraft:used":{"quark:indigo_corundum":1,"minecraft:end_rod":1,"minecraft:bread":1,"minecraft:stone_pickaxe":13,"minecraft:wooden_pickaxe":23,"soul_like_armors_reworked:estusflask":2,"epicfight:stone_greatsword":5,"minecraft:torch":1,"minecraft:jungle_planks":4},"minecraft:killed":{"minecraft:skeleton":1,"minecraft:zombie":1},"minecraft:custom":{"minecraft:time_since_rest":14358,"minecraft:interact_with_furnace":3,"minecraft:sprint_one_cm":25866,"minecraft:damage_taken":190,"minecraft:walk_one_cm":142951,"minecraft:interact_with_anvil":1,"minecraft:mob_kills":2,"minecraft:drop":1,"minecraft:damage_dealt":460,"minecraft:interact_with_crafting_table":5,"minecraft:fly_one_cm":12854,"minecraft:open_chest":6,"minecraft:crouch_one_cm":3253,"minecraft:play_time":20410,"minecraft:sneak_time":370,"minecraft:walk_under_water_one_cm":1346,"minecraft:jump":88,"minecraft:leave_game":1,"minecraft:time_since_death":20410,"minecraft:walk_on_water_one_cm":573,"minecraft:sleep_in_bed":2,"minecraft:total_world_time":20410,"minecraft:climb_one_cm":801,"minecraft:fall_one_cm":1583},"minecraft:picked_up":{"minecraft:raw_iron":5,"minecraft:jungle_log":4,"minecraft:torch":4,"minecraft:jungle_planks":4,"minecraft:dirt":4,"minecraft:arrow":1,"soul_like_armors_reworked:rustyshield":1,"quark:indigo_corundum":1,"minecraft:stone_axe":1,"minecraft:end_rod":1,"minecraft:rose_bush":1,"soul_like_armors_reworked:rustysteel_boots":1,"quark:indigo_corundum_cluster":1,"supplementaries:ash":1,"minecraft:coal":20,"minecraft:cobblestone":22},"minecraft:mined":{"minecraft:iron_ore":5,"minecraft:jungle_leaves":1,"minecraft:grass":1,"minecraft:coal_ore":5,"minecraft:jungle_planks":4,"minecraft:vine":1,"minecraft:jungle_log":4,"minecraft:end_rod":1,"quark:indigo_corundum":1,"minecraft:tall_grass":1,"quark:indigo_corundum_cluster":1,"minecraft:stone":22}},"DataVersion":3465}