{"stats":{"minecraft:killed_by":{"minecraft:creeper":1,"minecraft:skeleton":1},"minecraft:dropped":{"minecraft:moss_block":2,"minecraft:wheat_seeds":3,"minecraft:glass_bottle":1,"soul_like_armors_reworked:darkmoongreatsword":1,"soul_like_armors_reworked:rustysteelmace":2,"create:cogwheel":3,"soul_like_armors_reworked:rustysteel_boots":2,"minecraft:golden_apple":1,"minecraft:dirt":1,"minecraft:rose_bush":1,"minecraft:white_banner":1,"minecraft:bone":28,"minecraft:stone_axe":1,"minecraft:rotten_flesh":5,"soul_like_armors_reworked:rustyshield":3,"minecraft:gunpowder":3,"minecraft:acacia_sapling":3,"soul_like_armors_reworked:rustysteel_chestplate":2,"minecraft:bow":1,"minecraft:arrow":5,"epicfight:skillbook":4},"minecraft:crafted":{"minecraft:oak_door":3,"minecraft:oak_planks":68,"quark:sturdy_stone":1,"minecraft:furnace":2,"minecraft:cooked_mutton":2,"minecraft:stone_pickaxe":1,"epicfight:iron_greatsword":1,"minecraft:chest":1,"minecraft:cooked_beef":17,"minecraft:cooked_porkchop":14,"minecraft:crafting_table":3,"minecraft:jungle_boat":1,"minecraft:wooden_pickaxe":1,"minecraft:iron_helmet":1,"minecraft:golden_pickaxe":1,"epicfight:stone_greatsword":3,"minecraft:air":0,"minecraft:jungle_planks":16,"minecraft:acacia_sign":3,"minecraft:iron_chestplate":1,"minecraft:cobblestone":9,"minecraft:stick":20,"quark:oak_chest":3,"minecraft:iron_ingot":20,"minecraft:iron_pickaxe":1,"minecraft:acacia_door":3,"minecraft:iron_leggings":1,"minecraft:acacia_planks":24,"minecraft:torch":20},"minecraft:mined":{"create:zinc_ore":1,"minecraft:jungle_leaves":1,"minecraft:granite":2,"minecraft:grass_block":19,"minecraft:jungle_planks":4,"minecraft:jungle_log":4,"minecraft:redstone_wire":1,"minecraft:moss_block":1,"minecraft:mossy_cobblestone_slab":1,"minecraft:furnace":1,"minecraft:iron_ore":16,"minecraft:moss_carpet":6,"minecraft:bookshelf":15,"quark:sturdy_stone":1,"minecraft:vine":1,"quark:indigo_corundum":1,"irons_spellbooks:inscription_table":1,"minecraft:stone":161,"minecraft:orange_bed":2,"minecraft:glass_pane":1,"minecraft:red_bed":3,"minecraft:stone_brick_slab":2,"minecraft:red_banner":1,"minecraft:crafting_table":3,"minecraft:chest":1,"minecraft:dead_bush":9,"minecraft:campfire":1,"minecraft:tall_grass":1,"minecraft:copper_ore":18,"minecraft:cobblestone":11,"minecraft:oak_planks":3,"minecraft:diorite":19,"minecraft:wall_torch":2,"minecraft:black_wall_banner":1,"minecraft:stone_brick_stairs":2,"minecraft:grass":36,"minecraft:oak_log":17,"minecraft:coal_ore":36,"minecraft:dark_oak_button":1,"minecraft:end_rod":1,"minecraft:dirt":40,"quark:indigo_corundum_cluster":1,"minecraft:stone_bricks":2,"minecraft:mossy_stone_bricks":2,"minecraft:oak_leaves":1},"minecraft:broken":{"minecraft:leather_helmet":1,"minecraft:iron_leggings":1,"minecraft:stone_axe":1,"minecraft:iron_pickaxe":1,"epicfight:stone_greatsword":2},"minecraft:used":{"quark:sturdy_stone":1,"minecraft:moss_carpet":1,"quark:indigo_corundum":1,"minecraft:redstone":1,"minecraft:chest":2,"soul_like_armors_reworked:estusflask":19,"minecraft:rotten_flesh":14,"minecraft:oak_door":1,"minecraft:orange_bed":1,"minecraft:torch":7,"minecraft:dirt":23,"minecraft:jungle_planks":4,"minecraft:granite":2,"epicfight:iron_greatsword":176,"minecraft:dark_oak_button":1,"soul_like_armors_reworked:rustysteel_chestplate":1,"epicfight:stone_greatsword":259,"minecraft:beef":7,"minecraft:written_book":1,"minecraft:furnace":3,"minecraft:egg":4,"soul_like_armors_reworked:dark_knight_boots":1,"minecraft:iron_leggings":2,"minecraft:cooked_mutton":3,"minecraft:water_bucket":2,"epicfight:skillbook":18,"minecraft:end_rod":1,"minecraft:stone_pickaxe":13,"minecraft:oak_planks":43,"minecraft:wooden_pickaxe":23,"minecraft:jungle_boat":1,"minecraft:red_bed":3,"minecraft:crafting_table":6,"minecraft:black_banner":1,"minecraft:apple":1,"minecraft:acacia_door":1,"minecraft:acacia_sign":1,"minecraft:iron_pickaxe":249,"minecraft:bread":11,"create:orange_toolbox":10,"minecraft:map":3,"quark:soul_bead":17,"minecraft:stone_axe":27,"minecraft:cobblestone":16,"minecraft:potion":1,"minecraft:porkchop":8,"minecraft:cooked_porkchop":13,"minecraft:red_banner":1,"minecraft:bucket":2,"quark:oak_chest":3,"jet_and_elias_armors:white_corinthos_helmet":1,"minecraft:experience_bottle":1},"minecraft:custom":{"minecraft:interact_with_anvil":1,"minecraft:mob_kills":236,"minecraft:interact_with_crafting_table":34,"minecraft:open_barrel":79,"minecraft:interact_with_campfire":15,"minecraft:eat_cake_slice":1,"minecraft:leave_game":6,"minecraft:time_since_death":165301,"minecraft:climb_one_cm":28049,"minecraft:sprint_one_cm":489553,"minecraft:walk_one_cm":3092561,"minecraft:drop":33,"minecraft:play_noteblock":2,"minecraft:damage_dealt_absorbed":27,"minecraft:talked_to_villager":1,"minecraft:raid_win":1,"minecraft:play_time":290755,"minecraft:sneak_time":2538,"minecraft:deaths":2,"minecraft:walk_under_water_one_cm":11847,"minecraft:interact_with_lectern":1,"minecraft:boat_one_cm":31770,"minecraft:jump":1746,"minecraft:walk_on_water_one_cm":36306,"minecraft:total_world_time":290755,"minecraft:interact_with_furnace":36,"minecraft:tune_noteblock":30,"minecraft:sleep_in_bed":11,"minecraft:time_since_rest":60234,"minecraft:damage_taken":5000,"minecraft:damage_absorbed":2052,"minecraft:damage_dealt":44779,"minecraft:player_kills":1,"minecraft:swim_one_cm":29134,"minecraft:fly_one_cm":272012,"minecraft:open_chest":141,"minecraft:crouch_one_cm":17547,"minecraft:fall_one_cm":23924},"minecraft:picked_up":{"irons_spellbooks:scroll":1,"minecraft:crafting_table":3,"minecraft:charcoal":2,"minecraft:iron_chestplate":1,"minecraft:chicken":2,"irons_spellbooks:tarnished_helmet":1,"minecraft:potion":1,"minecraft:stone_brick_stairs":2,"minecraft:string":14,"soul_like_armors_reworked:darkknightshield":1,"soul_like_armors_reworked:rustysteel_chestplate":4,"minecraft:red_bed":3,"minecraft:moss_carpet":7,"minecraft:raw_copper":165,"minecraft:iron_leggings":1,"minecraft:cyan_carpet":1,"quark:indigo_corundum":1,"irons_spellbooks:arcane_essence":12,"minecraft:bucket":1,"minecraft:beef":39,"minecraft:rose_bush":1,"minecraft:written_book":1,"minecraft:iron_pickaxe":1,"minecraft:chest":1,"minecraft:birch_sapling":1,"irons_spellbooks:inscription_table":1,"minecraft:egg":4,"minecraft:furnace":1,"minecraft:stick":6,"minecraft:raw_iron":17,"minecraft:torch":10,"epicfight:skillbook":15,"minecraft:porkchop":38,"minecraft:diorite":37,"irons_spellbooks:fire_rune":1,"minecraft:redstone":1,"minecraft:orange_bed":2,"soul_like_armors_reworked:estusflask":48,"minecraft:arrow":67,"quark:sturdy_stone":1,"minecraft:rotten_flesh":66,"minecraft:black_banner":1,"minecraft:saddle":1,"minecraft:end_rod":1,"quark:indigo_corundum_cluster":1,"supplementaries:ash":3,"minecraft:mutton":14,"minecraft:white_wool":6,"minecraft:cobblestone":220,"minecraft:feather":2,"jet_and_elias_armors:white_corinthos_helmet":1,"minecraft:jungle_boat":1,"minecraft:cooked_beef":4,"minecraft:dark_oak_button":1,"minecraft:jungle_log":4,"minecraft:brown_wool":1,"minecraft:leather":29,"soul_like_armors_reworked:darkknighttrident":1,"create:raw_zinc":3,"minecraft:oak_log":17,"create:andesite_alloy":1,"minecraft:gunpowder":20,"minecraft:dirt":163,"minecraft:white_banner":2,"irons_spellbooks:rare_ink":1,"minecraft:cooked_mutton":8,"minecraft:bone":61,"soul_like_armors_reworked:rustyshield":5,"minecraft:stone_bricks":2,"minecraft:bow":2,"minecraft:wheat_seeds":5,"soul_like_armors_reworked:darkmoongreatsword":1,"soul_like_armors_reworked:dark_knight_helmet":2,"soul_like_armors_reworked:rustysteel_boots":3,"quark:soul_bead":4,"minecraft:mossy_stone_bricks":2,"minecraft:moss_block":3,"minecraft:oak_planks":3,"minecraft:book":45,"minecraft:cooked_porkchop":23,"epicfight:stone_greatsword":1,"irons_spellbooks:legendary_ink":1,"irons_spellbooks:frostward_ring":1,"create:cogwheel":3,"minecraft:stone_brick_slab":2,"minecraft:jungle_planks":4,"soul_like_armors_reworked:dark_knight_leggings":1,"minecraft:red_banner":1,"soul_like_armors_reworked:rustysteelmace":2,"minecraft:spider_eye":5,"soul_like_armors_reworked:dark_knight_boots":3,"minecraft:stone_axe":2,"minecraft:granite":6,"minecraft:golden_apple":1,"minecraft:gray_wool":1,"soul_like_armors_reworked:rustysteel_leggings":1,"irons_spellbooks:uncommon_ink":1,"minecraft:black_wool":1,"minecraft:coal":79},"minecraft:killed":{"irons_spellbooks:summoned_zombie":3,"irons_spellbooks:pyromancer":1,"minecraft:spider":19,"minecraft:vindicator":2,"minecraft:zoglin":1,"minecraft:skeleton":69,"irons_spellbooks:summoned_skeleton":2,"minecraft:husk":6,"minecraft:pig":20,"minecraft:bat":1,"minecraft:frog":2,"irons_spellbooks:necromancer":3,"minecraft:ravager":1,"minecraft:creeper":18,"minecraft:sheep":9,"minecraft:pillager":4,"minecraft:zombie":46,"quark:wraith":6,"minecraft:cow":20}},"DataVersion":3465}