{"stats":{"minecraft:dropped":{"soul_like_armors_reworked:dagger":1},"minecraft:used":{"minecraft:torch":2},"minecraft:custom":{"minecraft:jump":115,"minecraft:open_chest":5,"minecraft:time_since_rest":19136,"minecraft:crouch_one_cm":3787,"minecraft:interact_with_furnace":1,"minecraft:sprint_one_cm":2616,"minecraft:play_time":19136,"minecraft:damage_taken":20,"minecraft:time_since_death":19136,"minecraft:walk_one_cm":91189,"minecraft:sneak_time":595,"minecraft:total_world_time":19136,"minecraft:interact_with_anvil":1,"minecraft:drop":1,"minecraft:fall_one_cm":1320,"minecraft:fly_one_cm":1101,"minecraft:horse_one_cm":828},"minecraft:picked_up":{"soul_like_armors_reworked:dagger":1,"minecraft:cobblestone_slab":5,"minecraft:cornflower":2},"minecraft:mined":{"minecraft:cornflower":2}},"DataVersion":3465}