{"stats":{"minecraft:killed":{"minecraft:skeleton":3,"minecraft:sheep":3,"minecraft:cow":2},"minecraft:used":{"minecraft:stone_sword":14,"minecraft:armor_stand":1,"minecraft:iron_chestplate":2,"minecraft:torch":20,"minecraft:dirt":9,"minecraft:mutton":5,"minecraft:jungle_planks":2,"minecraft:cyan_wool":2,"minecraft:wooden_axe":32,"minecraft:lantern":3,"minecraft:iron_helmet":3,"minecraft:iron_boots":2,"wom:iron_staff":197,"minecraft:stone_bricks":2,"minecraft:furnace":1,"minecraft:cooked_beef":2,"minecraft:acacia_planks":18,"minecraft:light_gray_bed":4,"minecraft:iron_leggings":5,"minecraft:stone_pickaxe":131,"minecraft:oak_planks":5,"minecraft:wooden_pickaxe":4,"minecraft:cracked_stone_bricks":1,"minecraft:crafting_table":5,"minecraft:white_bed":1,"minecraft:book":1,"minecraft:bread":20,"minecraft:iron_pickaxe":135,"minecraft:cobblestone":22,"quark:oak_chest":4},"minecraft:broken":{"minecraft:stone_pickaxe":1},"minecraft:killed_by":{"irons_spellbooks:cryomancer":5,"minecraft:skeleton":1},"minecraft:mined":{"minecraft:dark_oak_planks":2,"minecraft:deepslate_tiles":5,"minecraft:grass_block":5,"minecraft:jungle_planks":7,"minecraft:light_gray_bed":5,"minecraft:hay_block":2,"minecraft:furnace":1,"minecraft:iron_ore":111,"minecraft:acacia_wood":7,"minecraft:iron_bars":1,"minecraft:lantern":3,"irons_spellbooks:inscription_table":2,"minecraft:stone":47,"supplementaries:book_pile_horizontal":1,"quark:oak_chest":2,"minecraft:crafting_table":5,"minecraft:cornflower":2,"minecraft:emerald_ore":14,"minecraft:calcite":1,"minecraft:rose_bush":4,"minecraft:oak_planks":4,"minecraft:amethyst_block":1,"minecraft:cyan_wool":2,"minecraft:birch_leaves":1,"minecraft:stone_brick_stairs":1,"minecraft:grass":3,"minecraft:oak_log":14,"minecraft:coal_ore":59,"minecraft:dirt":18,"minecraft:cracked_stone_bricks":3,"minecraft:stone_bricks":17,"minecraft:mossy_stone_bricks":2,"minecraft:oak_leaves":1},"minecraft:dropped":{"minecraft:bread":7,"minecraft:iron_ingot":1,"minecraft:wheat_seeds":1,"weaponmaster:tutorialbook":7,"minecraft:jungle_planks":6,"minecraft:dirt":2,"minecraft:dead_bush":2,"minecraft:cactus":4,"minecraft:acacia_planks":10,"minecraft:rotten_flesh":3,"minecraft:red_terracotta":5,"minecraft:potato":8,"minecraft:cobblestone_slab":10,"minecraft:light_gray_bed":1,"soul_like_armors_reworked:dagger":1,"minecraft:oak_sapling":3},"minecraft:crafted":{"jet_and_elias_armors:red_mercenary_heavy_helmet":1,"minecraft:oak_planks":56,"minecraft:furnace":1,"minecraft:heavy_weighted_pressure_plate":4,"jet_and_elias_armors:mercenary_gear_helmet":1,"jet_and_elias_armors:mercenary_gear_chestplate":1,"minecraft:iron_boots":1,"minecraft:stone_pickaxe":1,"minecraft:wheat":18,"minecraft:cooked_beef":4,"minecraft:red_dye":10,"minecraft:crafting_table":2,"minecraft:wooden_pickaxe":1,"minecraft:iron_helmet":1,"minecraft:red_wool":3,"minecraft:air":0,"minecraft:bread":9,"minecraft:iron_chestplate":1,"minecraft:stick":32,"quark:oak_chest":2,"minecraft:iron_ingot":44,"minecraft:iron_pickaxe":1,"minecraft:wooden_axe":1,"minecraft:stone_sword":1,"minecraft:iron_leggings":1,"minecraft:white_bed":1,"minecraft:acacia_planks":28,"minecraft:torch":40},"minecraft:picked_up":{"minecraft:wooden_axe":1,"minecraft:crafting_table":7,"minecraft:iron_chestplate":4,"irons_spellbooks:affinity_ring":3,"minecraft:wooden_pickaxe":1,"minecraft:diamond_horse_armor":1,"minecraft:amethyst_block":2,"minecraft:cornflower":2,"minecraft:iron_leggings":7,"minecraft:armor_stand":1,"minecraft:cracked_stone_bricks":1,"irons_spellbooks:arcane_essence":3,"minecraft:deepslate_tiles":5,"minecraft:gold_nugget":6,"minecraft:beef":4,"minecraft:rose_bush":4,"minecraft:calcite":1,"minecraft:cobblestone_slab":10,"minecraft:cyan_wool":2,"soul_like_armors_reworked:dagger":2,"minecraft:iron_pickaxe":5,"irons_spellbooks:inscription_table":4,"minecraft:iron_boots":5,"minecraft:furnace":1,"minecraft:stick":17,"minecraft:raw_iron":229,"minecraft:torch":140,"minecraft:dark_oak_planks":1,"soul_like_armors_reworked:estusflask":5,"minecraft:arrow":3,"minecraft:light_gray_bed":6,"minecraft:hay_block":2,"minecraft:saddle":1,"minecraft:gold_ingot":6,"minecraft:mutton":5,"minecraft:obsidian":6,"minecraft:iron_bars":2,"minecraft:cobblestone":78,"minecraft:white_wool":12,"minecraft:water_bucket":2,"minecraft:leather":2,"minecraft:acacia_wood":7,"minecraft:potato":4,"minecraft:oak_log":14,"minecraft:dirt":76,"minecraft:lapis_lazuli":10,"minecraft:lantern":3,"irons_spellbooks:common_ink":2,"minecraft:leather_boots":1,"minecraft:bone":9,"minecraft:apple":2,"minecraft:stone_bricks":2,"minecraft:iron_ingot":63,"weaponmaster:tutorialbook":19,"relics:infinity_ham":1,"minecraft:oak_planks":38,"minecraft:iron_sword":1,"minecraft:book":1,"wom:iron_staff":5,"minecraft:jungle_planks":12,"minecraft:dead_bush":1,"quark:oak_chest":2,"minecraft:diamond":3,"bossominium:the_bossdexium":1,"minecraft:iron_helmet":5,"minecraft:emerald":26,"minecraft:bread":26,"minecraft:oak_sapling":3,"irons_spellbooks:uncommon_ink":1,"minecraft:coal":198},"minecraft:custom":{"minecraft:mob_kills":8,"minecraft:interact_with_anvil":1,"minecraft:interact_with_crafting_table":14,"minecraft:open_barrel":10,"minecraft:leave_game":4,"minecraft:time_since_death":1125,"minecraft:climb_one_cm":8638,"minecraft:sprint_one_cm":269039,"minecraft:walk_one_cm":1043992,"minecraft:drop":59,"minecraft:talked_to_villager":4,"minecraft:play_time":141681,"minecraft:deaths":8,"minecraft:sneak_time":2766,"minecraft:jump":1880,"minecraft:interact_with_brewingstand":1,"minecraft:interact_with_blast_furnace":1,"minecraft:total_world_time":141681,"minecraft:interact_with_furnace":14,"minecraft:interact_with_cartography_table":1,"minecraft:interact_with_grindstone":1,"minecraft:sleep_in_bed":10,"minecraft:time_since_rest":1294,"minecraft:damage_taken":3342,"minecraft:damage_dealt":2482,"minecraft:fly_one_cm":171779,"minecraft:open_chest":41,"minecraft:crouch_one_cm":12487,"minecraft:fall_one_cm":29746,"minecraft:horse_one_cm":150049}},"DataVersion":3465}