{"stats":{"minecraft:killed":{"minecraft:skeleton":3,"minecraft:sheep":3},"minecraft:used":{"minecraft:armor_stand":1,"minecraft:torch":20,"minecraft:dirt":5,"minecraft:mutton":5,"minecraft:jungle_planks":2,"minecraft:cyan_wool":2,"minecraft:wooden_axe":32,"minecraft:lantern":3,"minecraft:iron_helmet":2,"wom:iron_staff":197,"minecraft:stone_bricks":2,"minecraft:furnace":1,"minecraft:acacia_planks":18,"minecraft:light_gray_bed":4,"minecraft:iron_leggings":3,"minecraft:stone_pickaxe":131,"minecraft:oak_planks":5,"minecraft:wooden_pickaxe":4,"minecraft:cracked_stone_bricks":1,"minecraft:crafting_table":4,"minecraft:white_bed":1,"minecraft:book":1,"minecraft:bread":14,"minecraft:iron_pickaxe":135,"minecraft:cobblestone":22,"quark:oak_chest":4},"minecraft:broken":{"minecraft:stone_pickaxe":1},"minecraft:killed_by":{"irons_spellbooks:cryomancer":4},"minecraft:mined":{"minecraft:dark_oak_planks":2,"minecraft:deepslate_tiles":5,"minecraft:grass_block":4,"minecraft:jungle_planks":7,"minecraft:light_gray_bed":5,"minecraft:hay_block":2,"minecraft:furnace":1,"minecraft:iron_ore":111,"minecraft:acacia_wood":7,"minecraft:iron_bars":1,"minecraft:lantern":3,"irons_spellbooks:inscription_table":2,"minecraft:stone":47,"supplementaries:book_pile_horizontal":1,"quark:oak_chest":2,"minecraft:crafting_table":5,"minecraft:cornflower":2,"minecraft:emerald_ore":14,"minecraft:calcite":1,"minecraft:oak_planks":4,"minecraft:amethyst_block":1,"minecraft:cyan_wool":2,"minecraft:stone_brick_stairs":1,"minecraft:grass":3,"minecraft:coal_ore":59,"minecraft:oak_log":11,"minecraft:dirt":14,"minecraft:cracked_stone_bricks":3,"minecraft:stone_bricks":17,"minecraft:mossy_stone_bricks":2,"minecraft:oak_leaves":1},"minecraft:dropped":{"minecraft:bread":7,"minecraft:iron_ingot":1,"minecraft:wheat_seeds":1,"weaponmaster:tutorialbook":4,"minecraft:jungle_planks":6,"minecraft:dirt":2,"minecraft:dead_bush":2,"minecraft:cactus":4,"minecraft:acacia_planks":10,"minecraft:rotten_flesh":3,"minecraft:red_terracotta":5,"minecraft:cobblestone_slab":10,"minecraft:potato":8,"minecraft:light_gray_bed":1,"soul_like_armors_reworked:dagger":1,"minecraft:oak_sapling":3},"minecraft:crafted":{"minecraft:oak_planks":44,"minecraft:furnace":1,"minecraft:iron_boots":1,"minecraft:stone_pickaxe":1,"minecraft:wheat":18,"minecraft:crafting_table":1,"minecraft:iron_helmet":1,"minecraft:wooden_pickaxe":1,"minecraft:air":0,"minecraft:bread":9,"minecraft:iron_chestplate":1,"minecraft:stick":28,"quark:oak_chest":2,"minecraft:iron_ingot":44,"minecraft:iron_pickaxe":1,"minecraft:wooden_axe":1,"minecraft:iron_leggings":1,"minecraft:white_bed":1,"minecraft:acacia_planks":28,"minecraft:torch":40},"minecraft:picked_up":{"minecraft:wooden_axe":1,"minecraft:crafting_table":7,"minecraft:iron_chestplate":2,"irons_spellbooks:affinity_ring":1,"minecraft:wooden_pickaxe":1,"minecraft:diamond_horse_armor":1,"minecraft:amethyst_block":2,"minecraft:cornflower":2,"minecraft:iron_leggings":5,"minecraft:armor_stand":1,"minecraft:cracked_stone_bricks":1,"irons_spellbooks:arcane_essence":3,"minecraft:deepslate_tiles":5,"minecraft:gold_nugget":6,"minecraft:cobblestone_slab":10,"minecraft:cyan_wool":2,"minecraft:calcite":1,"soul_like_armors_reworked:dagger":2,"minecraft:iron_pickaxe":5,"irons_spellbooks:inscription_table":4,"minecraft:iron_boots":3,"minecraft:furnace":1,"minecraft:raw_iron":229,"minecraft:stick":17,"minecraft:torch":93,"minecraft:dark_oak_planks":1,"soul_like_armors_reworked:estusflask":5,"minecraft:arrow":2,"minecraft:light_gray_bed":6,"minecraft:hay_block":2,"minecraft:saddle":1,"minecraft:gold_ingot":6,"minecraft:obsidian":6,"minecraft:mutton":5,"minecraft:iron_bars":2,"minecraft:white_wool":6,"minecraft:cobblestone":60,"minecraft:water_bucket":2,"minecraft:acacia_wood":7,"minecraft:potato":4,"minecraft:oak_log":11,"minecraft:lapis_lazuli":10,"minecraft:dirt":53,"minecraft:lantern":3,"minecraft:leather_boots":1,"irons_spellbooks:common_ink":2,"minecraft:bone":9,"minecraft:apple":2,"minecraft:stone_bricks":2,"minecraft:iron_ingot":63,"weaponmaster:tutorialbook":10,"relics:infinity_ham":1,"minecraft:oak_planks":38,"minecraft:iron_sword":1,"minecraft:book":1,"wom:iron_staff":5,"minecraft:jungle_planks":12,"minecraft:dead_bush":1,"quark:oak_chest":2,"minecraft:diamond":3,"bossominium:the_bossdexium":1,"minecraft:iron_helmet":3,"minecraft:emerald":26,"minecraft:bread":15,"minecraft:oak_sapling":3,"irons_spellbooks:uncommon_ink":1,"minecraft:coal":174},"minecraft:custom":{"minecraft:interact_with_anvil":1,"minecraft:mob_kills":6,"minecraft:interact_with_crafting_table":8,"minecraft:open_barrel":10,"minecraft:time_since_death":695,"minecraft:leave_game":3,"minecraft:climb_one_cm":8638,"minecraft:sprint_one_cm":156424,"minecraft:walk_one_cm":868588,"minecraft:drop":56,"minecraft:talked_to_villager":4,"minecraft:play_time":120353,"minecraft:deaths":5,"minecraft:sneak_time":2702,"minecraft:interact_with_brewingstand":1,"minecraft:jump":1473,"minecraft:interact_with_blast_furnace":1,"minecraft:total_world_time":120353,"minecraft:interact_with_furnace":12,"minecraft:interact_with_cartography_table":1,"minecraft:interact_with_grindstone":1,"minecraft:sleep_in_bed":10,"minecraft:time_since_rest":844,"minecraft:damage_taken":2421,"minecraft:damage_dealt":1940,"minecraft:fly_one_cm":82274,"minecraft:open_chest":36,"minecraft:crouch_one_cm":11721,"minecraft:fall_one_cm":21810,"minecraft:horse_one_cm":139084}},"DataVersion":3465}