{"stats":{"minecraft:killed":{"minecraft:skeleton":3},"minecraft:used":{"minecraft:armor_stand":1,"minecraft:stone_pickaxe":131,"minecraft:oak_planks":5,"minecraft:wooden_pickaxe":4,"minecraft:cracked_stone_bricks":1,"minecraft:torch":11,"minecraft:crafting_table":4,"minecraft:jungle_planks":2,"minecraft:cyan_wool":2,"minecraft:book":1,"minecraft:wooden_axe":32,"minecraft:lantern":3,"minecraft:bread":11,"minecraft:iron_pickaxe":90,"wom:iron_staff":92,"minecraft:stone_bricks":2,"minecraft:cobblestone":22,"minecraft:furnace":1,"minecraft:acacia_planks":18,"minecraft:light_gray_bed":4},"minecraft:broken":{"minecraft:stone_pickaxe":1},"minecraft:killed_by":{"irons_spellbooks:cryomancer":1},"minecraft:mined":{"minecraft:dark_oak_planks":2,"minecraft:deepslate_tiles":5,"supplementaries:book_pile_horizontal":1,"minecraft:crafting_table":5,"minecraft:cornflower":2,"minecraft:emerald_ore":12,"minecraft:grass_block":1,"minecraft:calcite":1,"minecraft:jungle_planks":7,"minecraft:light_gray_bed":4,"minecraft:oak_planks":4,"minecraft:amethyst_block":1,"minecraft:hay_block":2,"minecraft:cyan_wool":2,"minecraft:furnace":1,"minecraft:iron_ore":91,"minecraft:acacia_wood":7,"minecraft:stone_brick_stairs":1,"minecraft:oak_log":11,"minecraft:coal_ore":47,"minecraft:iron_bars":1,"minecraft:lantern":3,"minecraft:cracked_stone_bricks":3,"irons_spellbooks:inscription_table":2,"minecraft:stone_bricks":17,"minecraft:stone":37,"minecraft:mossy_stone_bricks":2,"minecraft:oak_leaves":1},"minecraft:dropped":{"minecraft:iron_ingot":1,"minecraft:bread":7,"minecraft:wheat_seeds":1,"weaponmaster:tutorialbook":1,"minecraft:rotten_flesh":3,"minecraft:jungle_planks":6,"minecraft:red_terracotta":5,"minecraft:potato":8,"minecraft:cobblestone_slab":10,"soul_like_armors_reworked:dagger":1,"minecraft:oak_sapling":3,"minecraft:dead_bush":2,"minecraft:cactus":4,"minecraft:acacia_planks":10},"minecraft:crafted":{"minecraft:oak_planks":44,"minecraft:crafting_table":1,"minecraft:wooden_pickaxe":1,"minecraft:iron_helmet":1,"minecraft:furnace":1,"minecraft:bread":9,"minecraft:air":0,"minecraft:iron_boots":1,"minecraft:iron_chestplate":1,"minecraft:stick":28,"minecraft:iron_ingot":44,"minecraft:iron_pickaxe":1,"minecraft:stone_pickaxe":1,"minecraft:wooden_axe":1,"minecraft:iron_leggings":1,"minecraft:acacia_planks":28,"minecraft:torch":40,"minecraft:wheat":18},"minecraft:picked_up":{"minecraft:iron_chestplate":1,"minecraft:crafting_table":7,"minecraft:water_bucket":2,"minecraft:wooden_pickaxe":1,"minecraft:acacia_wood":7,"minecraft:potato":4,"minecraft:diamond_horse_armor":1,"minecraft:oak_log":11,"minecraft:lapis_lazuli":10,"minecraft:amethyst_block":2,"minecraft:dirt":1,"minecraft:cornflower":2,"minecraft:lantern":3,"minecraft:iron_leggings":1,"irons_spellbooks:common_ink":2,"minecraft:leather_boots":1,"minecraft:armor_stand":1,"minecraft:bone":9,"minecraft:apple":2,"minecraft:stone_bricks":2,"irons_spellbooks:arcane_essence":3,"minecraft:cracked_stone_bricks":1,"minecraft:gold_nugget":6,"minecraft:deepslate_tiles":5,"minecraft:iron_ingot":63,"relics:infinity_ham":1,"weaponmaster:tutorialbook":1,"minecraft:cyan_wool":2,"minecraft:cobblestone_slab":10,"minecraft:calcite":1,"soul_like_armors_reworked:dagger":2,"minecraft:iron_pickaxe":1,"minecraft:iron_sword":1,"irons_spellbooks:inscription_table":4,"minecraft:oak_planks":31,"minecraft:iron_boots":1,"minecraft:furnace":1,"minecraft:book":1,"minecraft:stick":17,"minecraft:raw_iron":134,"wom:iron_staff":2,"minecraft:torch":1,"minecraft:jungle_planks":12,"minecraft:dead_bush":1,"minecraft:dark_oak_planks":1,"soul_like_armors_reworked:estusflask":5,"minecraft:arrow":2,"minecraft:light_gray_bed":4,"minecraft:diamond":3,"minecraft:iron_helmet":1,"bossominium:the_bossdexium":1,"minecraft:hay_block":2,"minecraft:bread":9,"minecraft:gold_ingot":6,"minecraft:saddle":1,"minecraft:emerald":24,"minecraft:oak_sapling":3,"irons_spellbooks:uncommon_ink":1,"minecraft:obsidian":6,"minecraft:iron_bars":2,"minecraft:coal":114,"minecraft:wooden_axe":1,"minecraft:cobblestone":33},"minecraft:custom":{"minecraft:interact_with_furnace":11,"minecraft:mob_kills":3,"minecraft:interact_with_anvil":1,"minecraft:interact_with_cartography_table":1,"minecraft:interact_with_crafting_table":6,"minecraft:open_barrel":10,"minecraft:interact_with_grindstone":1,"minecraft:leave_game":3,"minecraft:time_since_death":4880,"minecraft:sleep_in_bed":9,"minecraft:climb_one_cm":8638,"minecraft:time_since_rest":5017,"minecraft:sprint_one_cm":48150,"minecraft:damage_taken":1035,"minecraft:walk_one_cm":720276,"minecraft:drop":50,"minecraft:damage_dealt":826,"minecraft:talked_to_villager":4,"minecraft:fly_one_cm":15338,"minecraft:open_chest":27,"minecraft:crouch_one_cm":11559,"minecraft:play_time":96353,"minecraft:deaths":1,"minecraft:sneak_time":2669,"minecraft:jump":1055,"minecraft:interact_with_brewingstand":1,"minecraft:interact_with_blast_furnace":1,"minecraft:total_world_time":96353,"minecraft:fall_one_cm":15871,"minecraft:horse_one_cm":2334}},"DataVersion":3465}