{"stats":{"minecraft:killed_by":{"minecraft:player":1,"irons_spellbooks:cryomancer":6,"minecraft:skeleton":1},"minecraft:dropped":{"minecraft:iron_ingot":1,"minecraft:bread":7,"minecraft:wheat_seeds":1,"weaponmaster:tutorialbook":8,"soul_like_armors_reworked:darkmoongreatsword":1,"soul_like_armors_reworked:rustysteelmace":1,"minecraft:jungle_planks":6,"minecraft:dirt":10,"minecraft:cornflower":1,"minecraft:dead_bush":2,"minecraft:cactus":4,"minecraft:iron_shovel":2,"minecraft:acacia_planks":10,"minecraft:rotten_flesh":7,"minecraft:azure_bluet":1,"minecraft:red_terracotta":5,"minecraft:potato":8,"minecraft:cobblestone_slab":10,"minecraft:light_gray_bed":1,"soul_like_armors_reworked:dagger":1,"minecraft:oak_sapling":3},"minecraft:crafted":{"minecraft:oak_planks":56,"jet_and_elias_armors:red_mercenary_heavy_helmet":1,"minecraft:iron_nugget":9,"jet_and_elias_armors:red_mercenary_heavy_leggings":1,"minecraft:furnace":1,"minecraft:heavy_weighted_pressure_plate":6,"minecraft:cooked_mutton":2,"jet_and_elias_armors:mercenary_gear_helmet":1,"jet_and_elias_armors:mercenary_gear_chestplate":1,"minecraft:iron_boots":1,"jet_and_elias_armors:red_mercenary_heavy_chestplate":1,"minecraft:stone_pickaxe":1,"minecraft:wheat":18,"minecraft:cooked_beef":12,"minecraft:red_dye":13,"minecraft:diamond_sword":1,"minecraft:crafting_table":4,"soul_like_armors_reworked:darkmoongreatsword":1,"minecraft:iron_helmet":1,"minecraft:wooden_pickaxe":1,"minecraft:red_wool":3,"minecraft:bread":9,"minecraft:air":0,"jet_and_elias_armors:gladiator_armor_boots":1,"minecraft:iron_chestplate":1,"minecraft:stick":36,"quark:oak_chest":2,"minecraft:iron_ingot":73,"minecraft:iron_pickaxe":1,"minecraft:wooden_axe":1,"minecraft:iron_block":1,"minecraft:stone_sword":1,"minecraft:iron_leggings":1,"jet_and_elias_armors:mercenary_gear_boots":1,"minecraft:white_bed":1,"jet_and_elias_armors:mercenary_gear_leggings":1,"minecraft:acacia_planks":28,"minecraft:torch":40},"minecraft:mined":{"minecraft:dark_oak_planks":6,"minecraft:deepslate_tiles":5,"minecraft:grass_block":21,"minecraft:yellow_carpet":2,"minecraft:jungle_planks":7,"minecraft:light_gray_bed":5,"minecraft:hay_block":9,"minecraft:furnace":1,"minecraft:iron_ore":111,"minecraft:acacia_wood":7,"minecraft:iron_bars":1,"minecraft:lantern":3,"irons_spellbooks:inscription_table":2,"minecraft:stone":47,"minecraft:white_wool":3,"supplementaries:book_pile_horizontal":1,"quark:oak_chest":2,"minecraft:crafting_table":7,"minecraft:cornflower":2,"minecraft:emerald_ore":14,"minecraft:calcite":1,"minecraft:poppy":3,"minecraft:rose_bush":4,"minecraft:oak_planks":4,"minecraft:amethyst_block":1,"minecraft:cyan_wool":2,"minecraft:birch_leaves":1,"minecraft:stone_brick_stairs":1,"minecraft:grass":5,"minecraft:oak_log":14,"minecraft:coal_ore":59,"minecraft:dirt":22,"minecraft:cracked_stone_bricks":3,"minecraft:stone_bricks":17,"minecraft:mossy_stone_bricks":2,"minecraft:oak_leaves":1},"minecraft:broken":{"minecraft:stone_pickaxe":1},"minecraft:used":{"minecraft:oak_fence":1,"minecraft:stone_sword":24,"minecraft:iron_shovel":14,"minecraft:armor_stand":1,"soul_like_armors_reworked:estusflask":4,"minecraft:rotten_flesh":2,"minecraft:iron_chestplate":3,"minecraft:torch":39,"minecraft:dirt":30,"minecraft:mutton":5,"minecraft:jungle_planks":2,"minecraft:cyan_wool":2,"minecraft:wooden_axe":32,"minecraft:lantern":3,"minecraft:iron_helmet":3,"minecraft:iron_boots":2,"wom:iron_staff":197,"minecraft:stone_bricks":2,"minecraft:bow":10,"minecraft:goat_horn":1,"minecraft:furnace":1,"minecraft:egg":3,"minecraft:cooked_beef":12,"minecraft:acacia_planks":18,"soul_like_armors_reworked:rustysteelmace":8,"minecraft:light_gray_bed":4,"minecraft:iron_leggings":6,"minecraft:cooked_mutton":2,"epicfight:skillbook":2,"minecraft:stone_pickaxe":131,"minecraft:oak_planks":5,"minecraft:wooden_pickaxe":4,"minecraft:cracked_stone_bricks":1,"minecraft:white_wool":3,"minecraft:crafting_table":9,"minecraft:white_bed":1,"minecraft:book":1,"minecraft:bread":20,"minecraft:iron_pickaxe":135,"soul_like_armors_reworked:darkmoongreatsword":108,"minecraft:cobblestone":24,"quark:oak_chest":4,"irons_spellbooks:inscription_table":1},"minecraft:custom":{"minecraft:interact_with_anvil":1,"minecraft:mob_kills":59,"minecraft:interact_with_crafting_table":22,"minecraft:open_barrel":11,"minecraft:leave_game":6,"minecraft:time_since_death":28879,"minecraft:climb_one_cm":9637,"minecraft:sprint_one_cm":464109,"minecraft:walk_one_cm":1550896,"minecraft:drop":70,"minecraft:damage_dealt_absorbed":405,"minecraft:talked_to_villager":4,"minecraft:play_time":202079,"minecraft:deaths":10,"minecraft:sneak_time":3131,"minecraft:interact_with_brewingstand":1,"minecraft:jump":2539,"minecraft:interact_with_blast_furnace":1,"minecraft:total_world_time":202079,"minecraft:interact_with_furnace":20,"minecraft:interact_with_cartography_table":1,"minecraft:interact_with_grindstone":1,"minecraft:sleep_in_bed":11,"minecraft:time_since_rest":29035,"minecraft:damage_absorbed":435,"minecraft:damage_taken":5103,"minecraft:damage_dealt":11325,"minecraft:fly_one_cm":267185,"minecraft:open_chest":61,"minecraft:crouch_one_cm":13979,"minecraft:fall_one_cm":37952,"minecraft:horse_one_cm":484982},"minecraft:picked_up":{"minecraft:wooden_axe":1,"minecraft:iron_chestplate":5,"minecraft:crafting_table":9,"minecraft:azure_bluet":2,"irons_spellbooks:affinity_ring":5,"minecraft:wooden_pickaxe":1,"minecraft:diamond_horse_armor":1,"minecraft:amethyst_block":2,"minecraft:heavy_weighted_pressure_plate":2,"minecraft:cornflower":4,"soul_like_armors_reworked:darkknightshield":2,"minecraft:iron_leggings":8,"minecraft:armor_stand":1,"minecraft:iron_shovel":3,"jet_and_elias_armors:red_mercenary_heavy_leggings":1,"jet_and_elias_armors:mercenary_gear_chestplate":1,"minecraft:cracked_stone_bricks":1,"irons_spellbooks:arcane_essence":11,"minecraft:deepslate_tiles":5,"minecraft:gold_nugget":6,"minecraft:beef":9,"minecraft:red_dye":7,"minecraft:rose_bush":4,"minecraft:cobblestone_slab":10,"minecraft:cyan_wool":2,"minecraft:calcite":1,"soul_like_armors_reworked:dagger":2,"minecraft:poppy":3,"minecraft:iron_pickaxe":5,"irons_spellbooks:inscription_table":5,"minecraft:furnace":1,"minecraft:iron_boots":6,"minecraft:egg":6,"minecraft:stick":22,"minecraft:raw_iron":229,"jet_and_elias_armors:gladiator_armor_boots":1,"minecraft:torch":172,"minecraft:green_bed":1,"epicfight:skillbook":2,"minecraft:porkchop":25,"minecraft:dark_oak_planks":5,"soul_like_armors_reworked:estusflask":13,"create:orange_toolbox":1,"minecraft:stone_sword":1,"minecraft:arrow":24,"minecraft:light_gray_bed":6,"minecraft:rotten_flesh":9,"minecraft:hay_block":9,"minecraft:saddle":1,"minecraft:gold_ingot":6,"minecraft:obsidian":6,"minecraft:mutton":7,"minecraft:iron_bars":2,"minecraft:white_wool":18,"minecraft:cobblestone":85,"minecraft:cooked_beef":5,"minecraft:water_bucket":3,"minecraft:leather":5,"minecraft:golden_leggings":1,"jet_and_elias_armors:red_mercenary_heavy_chestplate":1,"minecraft:acacia_wood":7,"minecraft:potato":4,"minecraft:flint":3,"minecraft:oak_log":14,"minecraft:golden_boots":1,"minecraft:gunpowder":7,"minecraft:lapis_lazuli":10,"minecraft:dirt":113,"minecraft:lantern":3,"minecraft:leather_boots":1,"irons_spellbooks:common_ink":3,"soul_like_armors_reworked:rustyshield":1,"minecraft:bone":16,"minecraft:apple":2,"minecraft:stone_bricks":2,"minecraft:bow":1,"soul_like_armors_reworked:darkmoongreatsword":2,"jet_and_elias_armors:red_mercenary_heavy_helmet":2,"minecraft:iron_ingot":91,"soul_like_armors_reworked:dark_knight_helmet":1,"weaponmaster:tutorialbook":19,"relics:infinity_ham":1,"minecraft:iron_sword":1,"minecraft:oak_planks":44,"minecraft:book":1,"irons_spellbooks:legendary_ink":1,"wom:iron_staff":5,"minecraft:red_wool":2,"minecraft:jungle_planks":12,"soul_like_armors_reworked:dark_knight_leggings":1,"minecraft:dead_bush":1,"soul_like_armors_reworked:rustysteelmace":1,"quark:oak_chest":2,"irons_spellbooks:ice_rune":1,"minecraft:yellow_carpet":3,"minecraft:diamond":3,"bossominium:the_bossdexium":1,"minecraft:iron_helmet":6,"minecraft:golden_apple":2,"minecraft:emerald":26,"minecraft:golden_horse_armor":1,"minecraft:bread":26,"minecraft:oak_sapling":3,"irons_spellbooks:uncommon_ink":1,"minecraft:coal":267,"irons_spellbooks:scroll":1},"minecraft:killed":{"irons_spellbooks:summoned_zombie":3,"minecraft:spider":1,"irons_spellbooks:cryomancer":1,"minecraft:skeleton":14,"minecraft:chicken":4,"minecraft:pig":6,"irons_spellbooks:necromancer":1,"minecraft:creeper":8,"minecraft:sheep":6,"minecraft:zombie":9,"minecraft:cow":5}},"DataVersion":3465}