{"stats":{"minecraft:dropped":{"soul_like_armors_reworked:dagger":1},"minecraft:crafted":{"minecraft:oak_planks":24,"minecraft:crafting_table":1,"minecraft:stick":12,"minecraft:wooden_pickaxe":1,"minecraft:wooden_axe":1},"minecraft:used":{"minecraft:wooden_axe":5,"minecraft:torch":2,"minecraft:crafting_table":1,"minecraft:book":1},"minecraft:custom":{"minecraft:time_since_rest":23416,"minecraft:open_chest":7,"minecraft:play_time":23416,"minecraft:crouch_one_cm":3787,"minecraft:sprint_one_cm":2629,"minecraft:interact_with_furnace":2,"minecraft:damage_taken":40,"minecraft:walk_one_cm":154947,"minecraft:sneak_time":597,"minecraft:interact_with_anvil":1,"minecraft:drop":1,"minecraft:jump":149,"minecraft:interact_with_grindstone":1,"minecraft:leave_game":1,"minecraft:time_since_death":23416,"minecraft:talked_to_villager":2,"minecraft:total_world_time":23416,"minecraft:interact_with_crafting_table":1,"minecraft:fly_one_cm":1101,"minecraft:fall_one_cm":1935,"minecraft:horse_one_cm":2334},"minecraft:picked_up":{"minecraft:book":1,"minecraft:crafting_table":1,"minecraft:jungle_planks":5,"minecraft:oak_log":6,"minecraft:cobblestone_slab":5,"soul_like_armors_reworked:dagger":1,"minecraft:oak_sapling":3,"minecraft:cornflower":2},"minecraft:mined":{"supplementaries:book_pile_horizontal":1,"minecraft:oak_log":6,"minecraft:jungle_planks":5,"minecraft:crafting_table":1,"minecraft:cornflower":2}},"DataVersion":3465}