{"stats":{"minecraft:killed":{"minecraft:skeleton":2},"minecraft:used":{"minecraft:stone_pickaxe":131,"minecraft:wooden_pickaxe":4,"minecraft:cracked_stone_bricks":1,"minecraft:torch":4,"minecraft:crafting_table":4,"minecraft:jungle_planks":2,"minecraft:cyan_wool":2,"minecraft:book":1,"minecraft:wooden_axe":29,"minecraft:lantern":3,"minecraft:bread":8,"minecraft:iron_pickaxe":66,"wom:iron_staff":30,"minecraft:stone_bricks":2,"minecraft:cobblestone":22,"minecraft:furnace":1,"minecraft:acacia_planks":18,"minecraft:light_gray_bed":3},"minecraft:broken":{"minecraft:stone_pickaxe":1},"minecraft:mined":{"supplementaries:book_pile_horizontal":1,"minecraft:crafting_table":5,"minecraft:cornflower":2,"minecraft:emerald_ore":12,"minecraft:grass_block":1,"minecraft:calcite":1,"minecraft:jungle_planks":7,"minecraft:light_gray_bed":4,"minecraft:oak_planks":4,"minecraft:hay_block":2,"minecraft:cyan_wool":2,"minecraft:furnace":1,"minecraft:iron_ore":91,"minecraft:acacia_wood":7,"minecraft:stone_brick_stairs":1,"minecraft:oak_log":11,"minecraft:coal_ore":47,"minecraft:lantern":3,"minecraft:cracked_stone_bricks":1,"minecraft:stone_bricks":4,"minecraft:stone":37,"minecraft:oak_leaves":1},"minecraft:dropped":{"minecraft:iron_ingot":1,"minecraft:bread":7,"minecraft:wheat_seeds":1,"minecraft:rotten_flesh":3,"minecraft:jungle_planks":6,"minecraft:red_terracotta":5,"minecraft:cobblestone_slab":10,"soul_like_armors_reworked:dagger":1,"minecraft:oak_sapling":3,"minecraft:dead_bush":2,"minecraft:cactus":4,"minecraft:acacia_planks":10},"minecraft:crafted":{"minecraft:oak_planks":44,"minecraft:crafting_table":1,"minecraft:wooden_pickaxe":1,"minecraft:iron_helmet":1,"minecraft:furnace":1,"minecraft:bread":9,"minecraft:air":0,"minecraft:iron_boots":1,"minecraft:iron_chestplate":1,"minecraft:stick":20,"minecraft:iron_ingot":44,"minecraft:iron_pickaxe":1,"minecraft:stone_pickaxe":1,"minecraft:wooden_axe":1,"minecraft:iron_leggings":1,"minecraft:acacia_planks":28,"minecraft:torch":4,"minecraft:wheat":18},"minecraft:picked_up":{"minecraft:crafting_table":5,"minecraft:acacia_wood":7,"minecraft:oak_log":11,"minecraft:dirt":1,"minecraft:cornflower":2,"minecraft:lantern":3,"minecraft:bone":1,"minecraft:stone_bricks":2,"minecraft:cracked_stone_bricks":1,"minecraft:iron_ingot":17,"minecraft:cyan_wool":2,"minecraft:cobblestone_slab":10,"minecraft:calcite":1,"soul_like_armors_reworked:dagger":1,"minecraft:oak_planks":4,"minecraft:furnace":1,"minecraft:book":1,"minecraft:raw_iron":105,"wom:iron_staff":1,"minecraft:jungle_planks":12,"minecraft:dead_bush":1,"minecraft:arrow":2,"minecraft:light_gray_bed":4,"minecraft:hay_block":2,"minecraft:emerald":12,"minecraft:oak_sapling":3,"minecraft:coal":76,"minecraft:cobblestone":33},"minecraft:custom":{"minecraft:interact_with_furnace":11,"minecraft:mob_kills":2,"minecraft:interact_with_anvil":1,"minecraft:interact_with_cartography_table":1,"minecraft:interact_with_crafting_table":6,"minecraft:open_barrel":1,"minecraft:interact_with_grindstone":1,"minecraft:leave_game":3,"minecraft:time_since_death":84353,"minecraft:sleep_in_bed":8,"minecraft:climb_one_cm":7040,"minecraft:time_since_rest":7655,"minecraft:sprint_one_cm":47066,"minecraft:damage_taken":455,"minecraft:walk_one_cm":640897,"minecraft:drop":44,"minecraft:damage_dealt":221,"minecraft:talked_to_villager":4,"minecraft:fly_one_cm":14604,"minecraft:open_chest":22,"minecraft:crouch_one_cm":10374,"minecraft:play_time":84353,"minecraft:sneak_time":2348,"minecraft:jump":976,"minecraft:interact_with_brewingstand":1,"minecraft:interact_with_blast_furnace":1,"minecraft:total_world_time":84353,"minecraft:fall_one_cm":12657,"minecraft:horse_one_cm":2334}},"DataVersion":3465}