{"stats":{"minecraft:crafted":{"minecraft:oak_planks":44,"minecraft:crafting_table":1,"minecraft:wooden_pickaxe":1,"minecraft:iron_helmet":1,"minecraft:furnace":1,"minecraft:bread":9,"minecraft:air":0,"minecraft:iron_boots":1,"minecraft:iron_chestplate":1,"minecraft:stick":20,"minecraft:iron_ingot":44,"minecraft:iron_pickaxe":1,"minecraft:stone_pickaxe":1,"minecraft:wooden_axe":1,"minecraft:iron_leggings":1,"minecraft:wheat":18},"minecraft:dropped":{"minecraft:bread":7,"minecraft:iron_ingot":1,"minecraft:wheat_seeds":1,"minecraft:rotten_flesh":3,"minecraft:jungle_planks":6,"minecraft:red_terracotta":5,"minecraft:cobblestone_slab":10,"soul_like_armors_reworked:dagger":1,"minecraft:oak_sapling":3,"minecraft:dead_bush":2,"minecraft:cactus":4},"minecraft:used":{"minecraft:stone_pickaxe":131,"minecraft:wooden_pickaxe":4,"minecraft:torch":2,"minecraft:crafting_table":4,"minecraft:book":1,"minecraft:wooden_axe":13,"minecraft:lantern":2,"minecraft:bread":5,"minecraft:iron_pickaxe":49,"wom:iron_staff":29,"minecraft:cobblestone":16,"minecraft:furnace":1,"minecraft:light_gray_bed":3},"minecraft:killed":{"minecraft:skeleton":2},"minecraft:custom":{"minecraft:interact_with_furnace":10,"minecraft:mob_kills":2,"minecraft:interact_with_anvil":1,"minecraft:interact_with_crafting_table":6,"minecraft:interact_with_cartography_table":1,"minecraft:open_barrel":1,"minecraft:interact_with_grindstone":1,"minecraft:leave_game":2,"minecraft:time_since_death":70596,"minecraft:sleep_in_bed":5,"minecraft:climb_one_cm":5320,"minecraft:time_since_rest":3604,"minecraft:sprint_one_cm":29740,"minecraft:walk_one_cm":555089,"minecraft:damage_taken":264,"minecraft:drop":43,"minecraft:damage_dealt":221,"minecraft:talked_to_villager":4,"minecraft:fly_one_cm":12051,"minecraft:open_chest":14,"minecraft:crouch_one_cm":7257,"minecraft:play_time":70596,"minecraft:sneak_time":1525,"minecraft:interact_with_brewingstand":1,"minecraft:jump":840,"minecraft:interact_with_blast_furnace":1,"minecraft:total_world_time":70596,"minecraft:fall_one_cm":8698,"minecraft:horse_one_cm":2334},"minecraft:picked_up":{"minecraft:crafting_table":4,"minecraft:oak_log":11,"minecraft:dirt":1,"minecraft:cornflower":2,"minecraft:lantern":2,"minecraft:bone":1,"minecraft:iron_ingot":17,"minecraft:cobblestone_slab":10,"minecraft:calcite":1,"soul_like_armors_reworked:dagger":1,"minecraft:furnace":1,"minecraft:book":1,"minecraft:raw_iron":105,"wom:iron_staff":1,"minecraft:jungle_planks":10,"minecraft:dead_bush":1,"minecraft:arrow":2,"minecraft:light_gray_bed":3,"minecraft:hay_block":2,"minecraft:emerald":12,"minecraft:oak_sapling":3,"minecraft:coal":76,"minecraft:cobblestone":27},"minecraft:mined":{"supplementaries:book_pile_horizontal":1,"minecraft:crafting_table":4,"minecraft:cornflower":2,"minecraft:emerald_ore":12,"minecraft:grass_block":1,"minecraft:calcite":1,"minecraft:jungle_planks":5,"minecraft:light_gray_bed":3,"minecraft:hay_block":2,"minecraft:furnace":1,"minecraft:iron_ore":91,"minecraft:oak_log":11,"minecraft:coal_ore":47,"minecraft:lantern":2,"minecraft:stone":27,"minecraft:oak_leaves":1},"minecraft:broken":{"minecraft:stone_pickaxe":1}},"DataVersion":3465}