{"stats":{"minecraft:crafted":{"minecraft:wooden_sword":1,"minecraft:birch_planks":12,"minecraft:crafting_table":1,"minecraft:stick":4},"minecraft:custom":{"minecraft:time_since_rest":3347,"minecraft:sprint_one_cm":19365,"minecraft:play_time":3347,"minecraft:damage_taken":170,"minecraft:walk_one_cm":17891,"minecraft:mob_kills":1,"minecraft:jump":80,"minecraft:damage_dealt":140,"minecraft:leave_game":1,"minecraft:time_since_death":3347,"minecraft:total_world_time":3347,"minecraft:interact_with_crafting_table":1,"minecraft:fall_one_cm":6616,"minecraft:fly_one_cm":23074},"minecraft:picked_up":{"minecraft:birch_log":3,"minecraft:beef":2,"minecraft:dirt":1},"minecraft:used":{"minecraft:wooden_sword":4,"minecraft:dirt":1,"minecraft:crafting_table":1},"minecraft:mined":{"minecraft:grass":4,"minecraft:grass_block":1,"minecraft:birch_log":3,"minecraft:birch_leaves":5},"minecraft:killed":{"minecraft:cow":1}},"DataVersion":3465}