{"stats":{"minecraft:used":{"minecraft:rose_bush":2},"minecraft:custom":{"minecraft:jump":119,"minecraft:open_chest":3,"minecraft:time_since_rest":5844,"minecraft:walk_on_water_one_cm":518,"minecraft:sprint_one_cm":10990,"minecraft:play_time":5844,"minecraft:damage_taken":40,"minecraft:time_since_death":5844,"minecraft:walk_one_cm":94094,"minecraft:climb_one_cm":5213,"minecraft:total_world_time":5844,"minecraft:walk_under_water_one_cm":308,"minecraft:swim_one_cm":1885,"minecraft:fall_one_cm":4102,"minecraft:fly_one_cm":14529},"minecraft:picked_up":{"minecraft:stick":1,"minecraft:rose_bush":2},"minecraft:mined":{"minecraft:rose_bush":2,"minecraft:oak_leaves":1}},"DataVersion":3465}