{"stats":{"minecraft:dropped":{"minecraft:oak_sapling":2,"minecraft:feather":3,"minecraft:leather":1,"minecraft:beef":1,"minecraft:egg":2},"minecraft:killed_by":{"minecraft:player":2,"minecraft:zombie":5},"minecraft:mined":{"quark:hollow_birch_log":1,"minecraft:birch_leaves":2,"minecraft:oak_leaves":20},"minecraft:used":{"soul_like_armors_reworked:dagger":10,"quark:hollow_birch_log":1,"epicfight:stone_greatsword":8,"minecraft:mutton":2,"minecraft:egg":1},"minecraft:picked_up":{"minecraft:stick":2,"minecraft:crafting_table":3,"minecraft:feather":12,"minecraft:chicken":9,"epicfight:stone_greatsword":3,"minecraft:leather":1,"minecraft:dirt":13,"minecraft:leather_helmet":2,"soul_like_armors_reworked:estusflask":15,"minecraft:rotten_flesh":1,"bossominium:the_bossdexium":2,"minecraft:beef":1,"minecraft:stone_pickaxe":2,"quark:hollow_birch_log":1,"weaponmaster:tutorialbook":13,"soul_like_armors_reworked:dagger":2,"supplementaries:ash":3,"minecraft:light_gray_wool":1,"minecraft:oak_sapling":8,"minecraft:mutton":2,"minecraft:oak_planks":6,"minecraft:egg":3},"minecraft:custom":{"minecraft:time_since_rest":947,"minecraft:interact_with_furnace":1,"minecraft:sprint_one_cm":180075,"minecraft:damage_taken":1880,"minecraft:walk_one_cm":386146,"minecraft:mob_kills":10,"minecraft:drop":9,"minecraft:damage_dealt":1249,"minecraft:damage_dealt_absorbed":9,"minecraft:interact_with_crafting_table":2,"minecraft:fly_one_cm":116852,"minecraft:player_kills":2,"minecraft:open_chest":2,"minecraft:crouch_one_cm":28,"minecraft:play_time":33707,"minecraft:deaths":7,"minecraft:sneak_time":5,"minecraft:jump":666,"minecraft:leave_game":3,"minecraft:time_since_death":814,"minecraft:total_world_time":33707,"minecraft:sleep_in_bed":1,"minecraft:climb_one_cm":4583,"minecraft:fall_one_cm":20135},"minecraft:killed":{"minecraft:sheep":1,"minecraft:zombie":2,"minecraft:chicken":3,"minecraft:cow":2}},"DataVersion":3465}