{"stats":{"minecraft:used":{"minecraft:rose_bush":2,"minecraft:tnt":2,"minecraft:brown_bed":1},"minecraft:custom":{"minecraft:interact_with_furnace":1,"minecraft:time_since_rest":12302,"minecraft:open_chest":7,"minecraft:crouch_one_cm":1356,"minecraft:play_time":12302,"minecraft:sprint_one_cm":20321,"minecraft:damage_taken":50,"minecraft:walk_one_cm":122735,"minecraft:sneak_time":235,"minecraft:walk_under_water_one_cm":308,"minecraft:interact_with_anvil":1,"minecraft:jump":160,"minecraft:leave_game":1,"minecraft:time_since_death":12302,"minecraft:walk_on_water_one_cm":518,"minecraft:total_world_time":12302,"minecraft:climb_one_cm":5213,"minecraft:swim_one_cm":1885,"minecraft:fall_one_cm":4855,"minecraft:fly_one_cm":21628},"minecraft:picked_up":{"minecraft:stick":1,"minecraft:tnt":2,"minecraft:wheat_seeds":1,"minecraft:brown_bed":1,"minecraft:rose_bush":2,"minecraft:cyan_wool":6,"minecraft:gray_wool":3},"minecraft:mined":{"minecraft:cyan_wool":7,"minecraft:grass":2,"minecraft:gray_wool":3,"minecraft:rose_bush":2,"minecraft:tnt":2,"minecraft:oak_leaves":1,"minecraft:brown_bed":1}},"DataVersion":3465}