{"stats":{"minecraft:killed_by":{"minecraft:zombie":2},"minecraft:dropped":{"minecraft:oak_sapling":2,"minecraft:feather":3,"minecraft:leather":1,"minecraft:beef":1,"minecraft:egg":2},"minecraft:mined":{"quark:hollow_birch_log":1,"minecraft:birch_leaves":2,"minecraft:oak_leaves":20},"minecraft:used":{"soul_like_armors_reworked:dagger":10,"quark:hollow_birch_log":1,"minecraft:mutton":2,"minecraft:egg":1},"minecraft:picked_up":{"minecraft:stick":1,"minecraft:crafting_table":1,"minecraft:feather":6,"minecraft:chicken":3,"minecraft:leather":1,"minecraft:dirt":13,"soul_like_armors_reworked:estusflask":5,"bossominium:the_bossdexium":2,"minecraft:beef":1,"quark:hollow_birch_log":1,"weaponmaster:tutorialbook":4,"soul_like_armors_reworked:dagger":2,"minecraft:light_gray_wool":1,"supplementaries:ash":1,"minecraft:oak_sapling":4,"minecraft:mutton":2,"minecraft:oak_planks":3,"minecraft:egg":3},"minecraft:custom":{"minecraft:time_since_rest":9341,"minecraft:interact_with_furnace":1,"minecraft:sprint_one_cm":114718,"minecraft:damage_taken":854,"minecraft:walk_one_cm":257770,"minecraft:mob_kills":8,"minecraft:drop":9,"minecraft:damage_dealt":826,"minecraft:damage_dealt_absorbed":9,"minecraft:interact_with_crafting_table":2,"minecraft:fly_one_cm":88874,"minecraft:player_kills":1,"minecraft:open_chest":1,"minecraft:crouch_one_cm":22,"minecraft:play_time":23834,"minecraft:deaths":2,"minecraft:sneak_time":3,"minecraft:jump":538,"minecraft:leave_game":1,"minecraft:climb_one_cm":4347,"minecraft:time_since_death":9202,"minecraft:sleep_in_bed":1,"minecraft:total_world_time":23834,"minecraft:fall_one_cm":16049},"minecraft:killed":{"minecraft:sheep":1,"minecraft:chicken":3,"minecraft:cow":2}},"DataVersion":3465}