{"stats":{"minecraft:killed_by":{"minecraft:zombie":2},"minecraft:mined":{"quark:hollow_birch_log":1,"minecraft:birch_leaves":2,"minecraft:oak_leaves":20},"minecraft:used":{"soul_like_armors_reworked:dagger":10,"minecraft:mutton":2,"quark:hollow_birch_log":1,"minecraft:egg":1},"minecraft:picked_up":{"minecraft:chicken":3,"minecraft:stick":1,"soul_like_armors_reworked:estusflask":5,"minecraft:feather":3,"minecraft:leather":1,"bossominium:the_bossdexium":2,"minecraft:beef":1,"quark:hollow_birch_log":1,"weaponmaster:tutorialbook":3,"supplementaries:ash":1,"soul_like_armors_reworked:dagger":2,"minecraft:light_gray_wool":1,"minecraft:oak_sapling":2,"minecraft:mutton":2,"minecraft:egg":3},"minecraft:custom":{"minecraft:time_since_rest":2778,"minecraft:open_chest":1,"minecraft:interact_with_furnace":1,"minecraft:play_time":17271,"minecraft:sprint_one_cm":108933,"minecraft:walk_one_cm":142453,"minecraft:damage_taken":714,"minecraft:deaths":2,"minecraft:mob_kills":8,"minecraft:jump":367,"minecraft:damage_dealt":606,"minecraft:sleep_in_bed":1,"minecraft:time_since_death":2639,"minecraft:total_world_time":17271,"minecraft:climb_one_cm":3358,"minecraft:damage_dealt_absorbed":9,"minecraft:fall_one_cm":11639,"minecraft:fly_one_cm":79709},"minecraft:killed":{"minecraft:sheep":1,"minecraft:chicken":3,"minecraft:cow":2}},"DataVersion":3465}