{"stats":{"minecraft:used":{"minecraft:rose_bush":2,"minecraft:bread":2,"minecraft:iron_sword":8,"minecraft:dirt":2,"minecraft:tnt":2,"quark:oak_chest":1,"minecraft:brown_bed":1},"minecraft:killed":{"minecraft:sheep":3,"minecraft:chicken":2},"minecraft:mined":{"minecraft:cyan_wool":7,"minecraft:gray_wool":3,"minecraft:tnt":2,"minecraft:brown_bed":1,"minecraft:grass":3,"minecraft:grass_block":1,"minecraft:oak_log":24,"minecraft:rose_bush":2,"minecraft:dirt":1,"minecraft:oak_leaves":17},"minecraft:dropped":{"minecraft:filled_map":1,"supplementaries:cartographers_quill":1},"minecraft:crafted":{"minecraft:oak_planks":96,"minecraft:iron_boots":1,"minecraft:shield":1,"quark:oak_chest":1,"minecraft:iron_leggings":1},"minecraft:picked_up":{"minecraft:stick":3,"minecraft:chicken":2,"minecraft:brown_bed":1,"minecraft:filled_map":1,"minecraft:oak_log":24,"minecraft:dirt":2,"minecraft:tnt":2,"supplementaries:cartographers_quill":1,"minecraft:wheat_seeds":1,"minecraft:cyan_wool":6,"minecraft:rose_bush":2,"minecraft:gray_wool":3,"minecraft:oak_sapling":2,"minecraft:mutton":6,"minecraft:white_wool":2},"minecraft:custom":{"minecraft:time_since_rest":11034,"minecraft:interact_with_furnace":1,"minecraft:sprint_one_cm":25191,"minecraft:damage_taken":120,"minecraft:walk_one_cm":276076,"minecraft:mob_kills":5,"minecraft:interact_with_anvil":1,"minecraft:drop":2,"minecraft:damage_dealt":320,"minecraft:swim_one_cm":3026,"minecraft:interact_with_crafting_table":4,"minecraft:fly_one_cm":24700,"minecraft:open_chest":12,"minecraft:crouch_one_cm":1875,"minecraft:play_time":29070,"minecraft:sneak_time":411,"minecraft:bell_ring":2,"minecraft:walk_under_water_one_cm":383,"minecraft:jump":378,"minecraft:walk_on_water_one_cm":1559,"minecraft:leave_game":4,"minecraft:time_since_death":29070,"minecraft:sleep_in_bed":1,"minecraft:climb_one_cm":7481,"minecraft:total_world_time":29070,"minecraft:fall_one_cm":6941}},"DataVersion":3465}