{"stats":{"minecraft:picked_up":{"minecraft:stick":3,"minecraft:chicken":2,"minecraft:brown_bed":1,"minecraft:filled_map":1,"minecraft:oak_log":24,"minecraft:dirt":2,"minecraft:string":1,"minecraft:tnt":2,"minecraft:bone":2,"minecraft:arrow":1,"supplementaries:cartographers_quill":1,"minecraft:rotten_flesh":1,"minecraft:wheat_seeds":1,"minecraft:rose_bush":2,"minecraft:gray_wool":3,"minecraft:cyan_wool":6,"minecraft:oak_sapling":2,"minecraft:mutton":6,"minecraft:white_wool":2,"minecraft:egg":1},"minecraft:killed":{"minecraft:sheep":3,"minecraft:zombie":1,"minecraft:chicken":2,"minecraft:spider":1},"minecraft:mined":{"minecraft:cyan_wool":7,"minecraft:gray_wool":3,"minecraft:tnt":2,"minecraft:brown_bed":1,"minecraft:grass":3,"minecraft:grass_block":1,"minecraft:oak_log":24,"minecraft:rose_bush":2,"minecraft:dirt":1,"minecraft:oak_leaves":17},"minecraft:crafted":{"minecraft:oak_planks":96,"minecraft:iron_boots":1,"minecraft:shield":1,"quark:oak_chest":1,"minecraft:cooked_chicken":2,"minecraft:iron_leggings":1,"minecraft:cooked_mutton":6,"minecraft:air":0},"minecraft:used":{"minecraft:cooked_mutton":2,"minecraft:rose_bush":2,"minecraft:bread":2,"minecraft:shield":1,"minecraft:iron_sword":15,"minecraft:dirt":2,"minecraft:tnt":2,"quark:oak_chest":1,"minecraft:brown_bed":1},"minecraft:custom":{"minecraft:time_since_rest":4343,"minecraft:interact_with_furnace":9,"minecraft:sprint_one_cm":27404,"minecraft:damage_taken":211,"minecraft:walk_one_cm":519270,"minecraft:damage_blocked_by_shield":60,"minecraft:interact_with_anvil":1,"minecraft:mob_kills":7,"minecraft:drop":2,"minecraft:damage_dealt":680,"minecraft:interact_with_crafting_table":5,"minecraft:swim_one_cm":3026,"minecraft:fly_one_cm":27897,"minecraft:open_chest":22,"minecraft:play_time":46070,"minecraft:crouch_one_cm":1875,"minecraft:bell_ring":2,"minecraft:sneak_time":413,"minecraft:walk_under_water_one_cm":383,"minecraft:jump":608,"minecraft:leave_game":7,"minecraft:time_since_death":46070,"minecraft:walk_on_water_one_cm":1559,"minecraft:sleep_in_bed":2,"minecraft:total_world_time":46070,"minecraft:climb_one_cm":7481,"minecraft:fall_one_cm":10794},"minecraft:dropped":{"minecraft:filled_map":1,"supplementaries:cartographers_quill":1}},"DataVersion":3465}