{"stats":{"minecraft:used":{"minecraft:rose_bush":2,"minecraft:bread":2,"minecraft:shield":1,"minecraft:iron_sword":15,"minecraft:dirt":2,"minecraft:tnt":2,"quark:oak_chest":1,"minecraft:brown_bed":1},"minecraft:killed":{"minecraft:sheep":3,"minecraft:zombie":1,"minecraft:chicken":2,"minecraft:spider":1},"minecraft:mined":{"minecraft:cyan_wool":7,"minecraft:gray_wool":3,"minecraft:tnt":2,"minecraft:brown_bed":1,"minecraft:grass":3,"minecraft:grass_block":1,"minecraft:oak_log":24,"minecraft:rose_bush":2,"minecraft:dirt":1,"minecraft:oak_leaves":17},"minecraft:dropped":{"minecraft:filled_map":1,"supplementaries:cartographers_quill":1},"minecraft:crafted":{"minecraft:oak_planks":96,"minecraft:iron_boots":1,"minecraft:shield":1,"quark:oak_chest":1,"minecraft:iron_leggings":1},"minecraft:picked_up":{"minecraft:stick":3,"minecraft:chicken":2,"minecraft:brown_bed":1,"minecraft:filled_map":1,"minecraft:oak_log":24,"minecraft:dirt":2,"minecraft:string":1,"minecraft:tnt":2,"minecraft:bone":2,"minecraft:arrow":1,"supplementaries:cartographers_quill":1,"minecraft:rotten_flesh":1,"minecraft:wheat_seeds":1,"minecraft:rose_bush":2,"minecraft:gray_wool":3,"minecraft:cyan_wool":6,"minecraft:oak_sapling":2,"minecraft:mutton":6,"minecraft:white_wool":2},"minecraft:custom":{"minecraft:time_since_rest":15956,"minecraft:interact_with_furnace":1,"minecraft:sprint_one_cm":25191,"minecraft:damage_taken":131,"minecraft:walk_one_cm":353177,"minecraft:damage_blocked_by_shield":60,"minecraft:interact_with_anvil":1,"minecraft:mob_kills":7,"minecraft:drop":2,"minecraft:damage_dealt":680,"minecraft:swim_one_cm":3026,"minecraft:interact_with_crafting_table":4,"minecraft:fly_one_cm":24912,"minecraft:open_chest":12,"minecraft:play_time":33992,"minecraft:crouch_one_cm":1875,"minecraft:bell_ring":2,"minecraft:sneak_time":411,"minecraft:walk_under_water_one_cm":383,"minecraft:jump":545,"minecraft:leave_game":5,"minecraft:time_since_death":33992,"minecraft:walk_on_water_one_cm":1559,"minecraft:sleep_in_bed":1,"minecraft:climb_one_cm":7481,"minecraft:total_world_time":33992,"minecraft:fall_one_cm":8106}},"DataVersion":3465}