{
  "weaponmaster:parts/root": {
    "criteria": {
      "crafting_table": "2024-07-01 22:52:12 +0000"
    },
    "done": true
  },
  "idas:idas_root": {
    "criteria": {
      "always": "2024-07-01 22:52:12 +0000"
    },
    "done": true
  },
  "create:root": {
    "criteria": {
      "0": "2024-07-01 22:52:12 +0000"
    },
    "done": true
  },
  "irons_spellbooks:grant_patchouli": {
    "criteria": {
      "tick": "2024-07-01 22:52:12 +0000"
    },
    "done": true
  },
  "bossominium:loot_bosses_a": {
    "criteria": {
      "loot_bosses_a": "2024-07-01 22:52:12 +0000"
    },
    "done": true
  },
  "dungeons_arise:wda_root": {
    "criteria": {
      "WDA": "2024-07-01 22:52:12 +0000"
    },
    "done": true
  },
  "minecraft:adventure/adventuring_time": {
    "criteria": {
      "minecraft:eroded_badlands": "2024-07-02 01:55:45 +0000",
      "minecraft:wooded_badlands": "2024-07-02 00:28:04 +0000",
      "minecraft:badlands": "2024-07-02 00:29:17 +0000",
      "minecraft:savanna_plateau": "2024-07-02 01:54:59 +0000",
      "minecraft:stony_peaks": "2024-07-02 01:55:03 +0000",
      "minecraft:sparse_jungle": "2024-07-01 22:52:13 +0000",
      "minecraft:river": "2024-07-01 23:58:00 +0000",
      "minecraft:forest": "2024-07-02 01:53:32 +0000",
      "minecraft:desert": "2024-07-02 00:14:06 +0000",
      "minecraft:savanna": "2024-07-02 03:43:40 +0000",
      "minecraft:plains": "2024-07-01 22:52:55 +0000"
    },
    "done": false
  },
  "dungeons_arise:find_merchant_campsite": {
    "criteria": {
      "location0": "2024-07-01 22:55:43 +0000"
    },
    "done": true
  },
  "minecraft:husbandry/balanced_diet": {
    "criteria": {
      "cooked_porkchop": "2024-07-02 00:26:04 +0000",
      "cooked_beef": "2024-07-02 00:06:37 +0000",
      "bread": "2024-07-01 23:49:32 +0000",
      "melon_slice": "2024-07-01 22:56:21 +0000"
    },
    "done": false
  },
  "minecraft:husbandry/root": {
    "criteria": {
      "consumed_item": "2024-07-01 22:56:21 +0000"
    },
    "done": true
  },
  "minecraft:story/root": {
    "criteria": {
      "crafting_table": "2024-07-01 22:57:54 +0000"
    },
    "done": true
  },
  "minecraft:story/mine_stone": {
    "criteria": {
      "get_stone": "2024-07-01 22:58:07 +0000"
    },
    "done": true
  },
  "minecraft:story/upgrade_tools": {
    "criteria": {
      "stone_pickaxe": "2024-07-01 22:58:20 +0000"
    },
    "done": true
  },
  "minecraft:adventure/sleep_in_bed": {
    "criteria": {
      "slept_in_bed": "2024-07-01 23:02:56 +0000"
    },
    "done": true
  },
  "minecraft:adventure/root": {
    "criteria": {
      "killed_something": "2024-07-01 23:03:41 +0000"
    },
    "done": true
  },
  "minecraft:adventure/kill_all_mobs": {
    "criteria": {
      "minecraft:skeleton": "2024-07-01 23:36:04 +0000",
      "minecraft:creeper": "2024-07-02 00:10:13 +0000",
      "minecraft:silverfish": "2024-07-01 23:53:39 +0000",
      "minecraft:stray": "2024-07-02 02:29:11 +0000",
      "minecraft:zombie": "2024-07-01 23:03:42 +0000",
      "minecraft:zombie_villager": "2024-07-01 23:56:32 +0000"
    },
    "done": false
  },
  "minecraft:adventure/kill_a_mob": {
    "criteria": {
      "minecraft:zombie": "2024-07-01 23:03:42 +0000"
    },
    "done": true
  },
  "minecraft:story/smelt_iron": {
    "criteria": {
      "iron": "2024-07-01 23:15:29 +0000"
    },
    "done": true
  },
  "minecraft:story/iron_tools": {
    "criteria": {
      "iron_pickaxe": "2024-07-01 23:15:42 +0000"
    },
    "done": true
  },
  "minecraft:story/deflect_arrow": {
    "criteria": {
      "deflected_projectile": "2024-07-01 23:54:43 +0000"
    },
    "done": true
  },
  "minecraft:story/obtain_armor": {
    "criteria": {
      "iron_leggings": "2024-07-02 00:29:34 +0000"
    },
    "done": true
  },
  "minecraft:husbandry/plant_seed": {
    "criteria": {
      "wheat": "2024-07-02 00:46:00 +0000"
    },
    "done": true
  },
  "minecraft:husbandry/bred_all_animals": {
    "criteria": {
      "minecraft:cow": "2024-07-02 01:47:10 +0000"
    },
    "done": false
  },
  "minecraft:husbandry/breed_an_animal": {
    "criteria": {
      "bred": "2024-07-02 01:47:10 +0000"
    },
    "done": true
  },
  "minecraft:husbandry/tame_an_animal": {
    "criteria": {
      "tamed_animal": "2024-07-02 01:51:21 +0000"
    },
    "done": true
  },
  "dungeons_arise:find_abandoned_temple": {
    "criteria": {
      "location0": "2024-07-02 02:12:18 +0000"
    },
    "done": true
  },
  "minecraft:story/mine_diamond": {
    "criteria": {
      "diamond": "2024-07-02 02:49:09 +0000"
    },
    "done": true
  },
  "DataVersion": 3465
}