{
  "weaponmaster:parts/root": {
    "criteria": {
      "crafting_table": "2024-07-01 22:52:12 +0000"
    },
    "done": true
  },
  "idas:idas_root": {
    "criteria": {
      "always": "2024-07-01 22:52:12 +0000"
    },
    "done": true
  },
  "dungeons_arise:find_merchant_campsite": {
    "criteria": {
      "location0": "2024-07-01 22:55:43 +0000"
    },
    "done": true
  },
  "create:root": {
    "criteria": {
      "0": "2024-07-01 22:52:12 +0000"
    },
    "done": true
  },
  "irons_spellbooks:grant_patchouli": {
    "criteria": {
      "tick": "2024-07-01 22:52:12 +0000"
    },
    "done": true
  },
  "bossominium:loot_bosses_a": {
    "criteria": {
      "loot_bosses_a": "2024-07-01 22:52:12 +0000"
    },
    "done": true
  },
  "minecraft:adventure/adventuring_time": {
    "criteria": {
      "minecraft:sparse_jungle": "2024-07-01 22:52:13 +0000",
      "minecraft:plains": "2024-07-01 22:52:55 +0000"
    },
    "done": false
  },
  "dungeons_arise:wda_root": {
    "criteria": {
      "WDA": "2024-07-01 22:52:12 +0000"
    },
    "done": true
  },
  "DataVersion": 3465
}