{
  "weaponmaster:parts/root": {
    "criteria": {
      "crafting_table": "2024-07-02 03:48:59 +0000"
    },
    "done": true
  },
  "idas:idas_root": {
    "criteria": {
      "always": "2024-07-02 03:48:59 +0000"
    },
    "done": true
  },
  "create:root": {
    "criteria": {
      "0": "2024-07-02 03:48:59 +0000"
    },
    "done": true
  },
  "irons_spellbooks:grant_patchouli": {
    "criteria": {
      "tick": "2024-07-02 03:48:59 +0000"
    },
    "done": true
  },
  "bossominium:loot_bosses_a": {
    "criteria": {
      "loot_bosses_a": "2024-07-02 03:48:59 +0000"
    },
    "done": true
  },
  "dungeons_arise:wda_root": {
    "criteria": {
      "WDA": "2024-07-02 03:48:59 +0000"
    },
    "done": true
  },
  "minecraft:adventure/adventuring_time": {
    "criteria": {
      "minecraft:sparse_jungle": "2024-07-02 03:49:00 +0000",
      "minecraft:river": "2024-07-02 03:52:30 +0000",
      "minecraft:forest": "2024-07-02 03:55:28 +0000",
      "minecraft:jungle": "2024-07-02 04:04:32 +0000",
      "minecraft:savanna": "2024-07-02 04:14:15 +0000",
      "minecraft:plains": "2024-07-02 03:50:04 +0000"
    },
    "done": false
  },
  "dungeons_arise:find_merchant_campsite": {
    "criteria": {
      "location0": "2024-07-02 03:52:01 +0000"
    },
    "done": true
  },
  "dungeons_arise:find_lighthouse": {
    "criteria": {
      "location0": "2024-07-02 03:52:15 +0000"
    },
    "done": true
  },
  "minecraft:story/mine_stone": {
    "criteria": {
      "get_stone": "2024-07-02 03:53:44 +0000"
    },
    "done": true
  },
  "minecraft:adventure/root": {
    "criteria": {
      "killed_something": "2024-07-02 03:55:51 +0000"
    },
    "done": true
  },
  "minecraft:husbandry/balanced_diet": {
    "criteria": {
      "beef": "2024-07-02 03:56:22 +0000",
      "porkchop": "2024-07-02 04:03:50 +0000",
      "mutton": "2024-07-02 03:59:17 +0000",
      "beetroot": "2024-07-02 03:59:30 +0000"
    },
    "done": false
  },
  "minecraft:husbandry/root": {
    "criteria": {
      "consumed_item": "2024-07-02 03:56:22 +0000"
    },
    "done": true
  },
  "minecraft:husbandry/tame_an_animal": {
    "criteria": {
      "tamed_animal": "2024-07-02 03:57:00 +0000"
    },
    "done": true
  },
  "DataVersion": 3465
}