{
  "weaponmaster:parts/root": {
    "criteria": {
      "crafting_table": "2024-07-02 00:01:05 +0000"
    },
    "done": true
  },
  "idas:idas_root": {
    "criteria": {
      "always": "2024-07-02 00:01:05 +0000"
    },
    "done": true
  },
  "dungeons_arise:find_merchant_campsite": {
    "criteria": {
      "location0": "2024-07-02 00:01:58 +0000"
    },
    "done": true
  },
  "create:root": {
    "criteria": {
      "0": "2024-07-02 00:01:05 +0000"
    },
    "done": true
  },
  "dungeons_arise:find_lighthouse": {
    "criteria": {
      "location0": "2024-07-02 00:02:55 +0000"
    },
    "done": true
  },
  "irons_spellbooks:grant_patchouli": {
    "criteria": {
      "tick": "2024-07-02 00:01:05 +0000"
    },
    "done": true
  },
  "bossominium:loot_bosses_a": {
    "criteria": {
      "loot_bosses_a": "2024-07-02 00:01:05 +0000"
    },
    "done": true
  },
  "minecraft:adventure/adventuring_time": {
    "criteria": {
      "minecraft:sparse_jungle": "2024-07-02 00:01:06 +0000",
      "minecraft:river": "2024-07-02 00:03:21 +0000",
      "minecraft:forest": "2024-07-02 00:04:39 +0000",
      "minecraft:plains": "2024-07-02 00:01:42 +0000"
    },
    "done": false
  },
  "dungeons_arise:wda_root": {
    "criteria": {
      "WDA": "2024-07-02 00:01:05 +0000"
    },
    "done": true
  },
  "minecraft:story/smelt_iron": {
    "criteria": {
      "iron": "2024-07-02 00:03:43 +0000"
    },
    "done": true
  },
  "DataVersion": 3465
}